Player,S/C,Pos,DOB,Birth City,S/P,Ctry,Ntnlty,Ht,Wt,Draft Yr,Round,Overall,1st Season,HOF,GP,G,A,P
Dalton Prout,R,D,1990-03-13,Kingsville,ON,CAN,CAN,75,215,2010,6,154,20112012,N,264,7,31,38
Craig Cunningham,R,L,1990-09-13,Trail,BC,CAN,CAN,70,184,2010,4,97,20132014,N,63,3,5,8
Radko Gudas,R,D,1990-06-05,Prague,--,CZE,CZE,72,208,2010,3,66,20122013,N,610,31,116,147
Calle Jarnkrok,R,C,1991-09-25,Gävle,--,SWE,SWE,71,186,2010,2,51,20132014,N,574,106,135,241
Oscar Lindberg,L,L,1991-10-29,Skellefteå,--,SWE,SWE,73,202,2010,2,57,20142015,N,252,39,40,79
Martin Marincin,L,D,1992-02-18,Kosice,--,SVK,SVK,77,217,2010,2,46,20132014,N,227,5,29,34
Justin Holl,R,D,1992-01-30,Tonka Bay,MN,USA,USA,76,194,2010,2,54,20172018,N,205,9,55,64
Jason Zucker,L,L,1992-01-16,Newport Beach,CA,USA,USA,71,192,2010,2,59,20112012,N,550,155,135,290
Tyler Toffoli,R,R,1992-04-24,Scarborough,ON,CAN,CAN,72,196,2010,2,47,20122013,N,651,193,200,393
Ryan Spooner,L,C,1992-01-30,Ottawa,ON,CAN,CAN,71,191,2010,2,45,20122013,N,325,48,119,167
Johan Larsson,L,L,1992-07-25,Lau,--,SWE,SWE,71,206,2010,2,56,20122013,N,488,53,79,132
Mark Alt,R,D,1991-10-18,Kansas City,MO,USA,USA,76,201,2010,2,53,20142015,N,20,0,0,0
Stephen Johns,R,D,1992-04-18,Ellwood City,PA,USA,USA,76,225,2010,2,60,20152016,N,167,15,18,33
Max Reinhart,L,C,1992-02-04,West Vancouver,BC,CAN,CAN,73,195,2010,3,64,20122013,N,23,1,4,5
Greg McKegg,L,C,1992-06-17,St. Thomas,ON,CAN,CAN,72,195,2010,3,62,20132014,N,233,21,18,39
Connor Brickley,L,L,1992-02-25,Everett,MA,USA,USA,72,203,2010,2,50,20152016,N,81,6,15,21
Jordan Weal,R,C,1992-04-15,North Vancouver,BC,CAN,CAN,69,181,2010,3,70,20152016,N,218,32,37,69
Michael Bournival,L,L,1992-05-31,Shawinigan,QC,CAN,CAN,71,198,2010,3,71,20132014,N,113,12,10,22
Evgeny Kuznetsov,L,C,1992-05-19,Chelyabinsk,--,RUS,RUS,74,207,2010,1,26,20132014,N,599,153,343,496
Charlie Coyle,R,C,1992-03-02,East Weymouth,MA,USA,USA,75,219,2010,1,28,20122013,N,703,131,214,345
Patrik Nemeth,L,D,1992-02-08,Stockholm,--,SWE,SWE,76,230,2010,2,41,20132014,N,429,10,55,65
Christian Thomas,R,L,1992-05-26,Toronto,ON,CAN,CAN,69,175,2010,2,40,20122013,N,27,1,2,3
Jon Merrill,L,D,1992-02-03,Oklahoma City,OK,USA,USA,75,204,2010,2,38,20132014,N,474,16,70,86
Tyler Pitlick,R,C,1991-11-01,Minneapolis,MN,USA,USA,74,200,2010,2,31,20132014,N,325,48,41,89
Justin Faulk,R,D,1992-03-20,South St. Paul,MN,USA,USA,72,214,2010,2,37,20112012,N,760,113,233,346
Brock Nelson,L,C,1991-10-15,Warroad,MN,USA,USA,76,212,2010,1,30,20132014,N,676,205,182,387
Alexander Petrovic,R,D,1992-03-03,Edmonton,AB,CAN,CAN,76,210,2010,2,36,20122013,N,263,5,45,50
Devante Smith-Pelly,R,R,1992-06-14,Scarborough,ON,CAN,CAN,72,223,2010,2,42,20112012,N,395,44,57,101
Brandon Gormley,L,D,1992-02-18,Murray River,PE,CAN,CAN,74,196,2010,1,13,20132014,N,58,2,3,5
Nick Bjugstad,R,C,1992-07-17,Minneapolis,MN,USA,USA,78,209,2010,1,19,20122013,N,540,110,127,237
Beau Bennett,R,R,1991-11-27,Gardena,CA,USA,USA,74,195,2010,1,20,20122013,N,200,24,40,64
Derek Forbort,L,D,1992-03-04,Duluth,MN,USA,USA,76,217,2010,1,15,20152016,N,407,12,67,79
Kevin Hayes,L,C,1992-05-08,Dorchester,MA,USA,USA,77,216,2010,1,24,20142015,N,553,137,195,332
Cam Fowler,L,D,1991-12-05,Windsor,ON,CAN,USA,74,215,2010,1,12,20102011,N,811,81,285,366
Vladimir Tarasenko,L,R,1991-12-13,Yaroslavl,--,RUS,RUS,73,228,2010,1,16,20122013,N,606,252,272,524
Austin Watson,R,L,1992-01-13,Ann Arbor,MI,USA,USA,76,204,2010,1,18,20122013,N,407,49,54,103
Jaden Schwartz,L,C,1992-06-25,Wilcox,SK,CAN,CAN,70,190,2010,1,14,20112012,N,597,162,246,408
Quinton Howden,L,C,1992-01-21,Winnipeg,MB,CAN,CAN,74,189,2010,1,25,20122013,N,97,10,7,17
Emerson Etem,L,R,1992-06-16,Long Beach,CA,USA,USA,73,212,2010,1,29,20122013,N,173,22,24,46
Riley Sheahan,L,C,1991-12-07,St. Catharines,ON,CAN,CAN,74,216,2010,1,21,20112012,N,635,74,120,194
Petter Granberg,R,D,1992-08-27,Gallivare,--,SWE,SWE,75,200,2010,4,116,20132014,N,45,0,2,2
Tye McGinn,L,L,1990-07-29,Fergus,ON,CAN,CAN,75,218,2010,4,119,20122013,N,89,9,8,17
Chris Wagner,R,R,1991-05-27,Walpole,MA,USA,USA,72,191,2010,5,122,20142015,N,359,37,26,63
Jeff Skinner,L,L,1992-05-16,Toronto,ON,CAN,CAN,71,197,2010,1,7,20102011,N,853,298,244,542
Zach Hyman,R,L,1992-06-09,Toronto,ON,CAN,CAN,73,211,2010,5,123,20152016,N,421,113,126,239
Alexander Burmistrov,L,C,1991-10-21,Kazan,--,RUS,RUS,73,180,2010,1,8,20102011,N,348,37,64,101
Erik Gudbranson,R,D,1992-01-07,Ottawa,ON,CAN,CAN,77,222,2010,1,3,20112012,N,641,27,67,94
Taylor Hall,L,L,1991-11-14,Calgary,AB,CAN,CAN,73,208,2010,1,1,20102011,N,761,248,409,657
Brett Connolly,R,R,1992-05-02,Campbell River,BC,CAN,CAN,75,198,2010,1,6,20112012,N,536,101,94,195
Ryan Johansen,R,C,1992-07-31,Vancouver,BC,CAN,CAN,75,218,2010,1,4,20112012,N,787,177,350,527
Tyler Seguin,R,C,1992-01-31,Brampton,ON,CAN,CAN,73,200,2010,1,2,20102011,N,825,305,381,686
Dylan McIlrath,R,D,1992-04-20,Winnipeg,MB,CAN,CAN,77,232,2010,1,10,20132014,N,66,3,2,5
Mark Pysyk,R,D,1992-01-11,Sherwood Park,AB,CAN,CAN,73,198,2010,1,23,20122013,N,521,28,76,104
Jarred Tinordi,L,D,1992-02-20,Millersville,MD,USA,USA,78,232,2010,1,22,20122013,N,109,2,11,13
Mikael Granlund,L,C,1992-02-26,Oulu,--,FIN,FIN,70,185,2010,1,9,20122013,N,671,135,308,443
Nino Niederreiter,L,R,1992-09-08,Chur,--,CHE,CHE,74,218,2010,1,5,20102011,N,732,181,187,368
Teemu Pulkkinen,R,L,1992-01-02,Vantaa,--,FIN,FIN,70,185,2010,4,111,20132014,N,83,13,9,22
Joakim Nordstrom,L,C,1992-02-25,Stockholm,--,SWE,SWE,73,194,2010,3,90,20132014,N,444,32,43,75
Michael Chaput,L,C,1992-04-09,Ile Bizard,QC,CAN,CAN,74,199,2010,3,89,20132014,N,182,6,16,22
Bryan Rust,R,R,1992-05-11,Pontiac,MI,USA,USA,71,192,2010,3,80,20142015,N,424,124,146,270
Julian Melchiori,L,D,1991-12-06,Richmond Hill,ON,CAN,CAN,77,222,2010,3,87,20132014,N,30,0,2,2
Stanislav Galiev,R,R,1992-01-17,Moscow,--,RUS,RUS,73,197,2010,3,86,20142015,N,26,1,3,4
Joonas Donskoi,R,R,1992-04-13,Raahe,--,FIN,FIN,72,190,2010,4,99,20152016,N,474,80,128,208
Jani Hakanpaa,R,D,1992-03-31,Kirkkonummi,--,FIN,FIN,78,220,2010,4,104,20192020,N,142,7,10,17
Tom Kuhnhackl,L,R,1992-01-21,Landshut,--,DEU,DEU,74,190,2010,4,110,20152016,N,232,18,36,54
Marcus Sorensen,L,L,1992-04-07,Sodertalje,--,SWE,SWE,71,175,2010,4,106,20162017,N,226,31,33,64
Tim Heed,R,D,1991-01-27,Gothenburg,--,SWE,SWE,71,180,2010,5,132,20162017,N,105,6,23,29
Sam Carrick,R,C,1992-02-04,Markham,ON,CAN,CAN,72,200,2010,5,144,20142015,N,111,15,15,30
Kenny Agostino,L,L,1992-04-30,Morristown,NJ,USA,USA,72,204,2010,5,140,20132014,N,86,8,22,30
Brendan Gallagher,R,R,1992-05-06,Edmonton,AB,CAN,CAN,69,184,2010,5,147,20122013,N,638,194,187,381
Jesper Fast,R,R,1991-12-02,Nassjo,--,SWE,SWE,73,191,2010,6,157,20132014,N,550,75,125,200
Kevin Gravel,L,D,1992-03-06,Kingsford,MI,USA,USA,76,205,2010,5,148,20152016,N,109,1,12,13
Anthony Bitetto,L,D,1990-07-15,Island Park,NY,USA,USA,73,222,2010,6,168,20142015,N,197,3,28,31
Brandon Davidson,L,D,1991-08-21,Taber,AB,CAN,CAN,74,204,2010,6,162,20142015,N,180,9,14,23
Freddie Hamilton,R,C,1992-01-01,Toronto,ON,CAN,CAN,73,195,2010,5,129,20132014,N,75,4,2,6
Zach Trotman,R,D,1990-08-26,Carmel,IN,USA,USA,75,217,2010,7,210,20132014,N,91,3,10,13
John Klingberg,R,D,1992-08-14,Gothenburg,--,SWE,SWE,75,190,2010,5,131,20142015,N,552,71,303,374
Micheal Ferland,L,L,1992-04-20,Swan River,MB,CAN,CAN,73,217,2010,5,133,20142015,N,335,60,74,134
Mark Stone,R,R,1992-05-13,Winnipeg,MB,CAN,CAN,75,209,2010,6,178,20122013,N,541,179,297,476
Colin Blackwell,R,C,1993-03-28,North Andover,MA,USA,USA,69,190,2011,7,194,20182019,N,138,25,27,52
Jyrki Jokipakka,L,D,1991-08-20,Tampere,--,FIN,FIN,75,215,2011,7,195,20142015,N,150,3,25,28
Matthew Peca,L,C,1993-04-27,Petawawa,ON,CAN,CAN,70,181,2011,7,201,20162017,N,83,6,15,21
Ryan Dzingel,L,C,1992-03-09,Wheaton,IL,USA,USA,72,190,2011,7,204,20152016,N,404,87,101,188
Alexey Marchenko,R,D,1992-01-02,Moscow,--,RUS,RUS,75,210,2011,7,205,20132014,N,121,4,17,21
Ondrej Palat,L,L,1991-03-28,Frydek-Mistek,--,CZE,CZE,72,194,2011,7,208,20122013,N,628,143,280,423
Scott Wilson,L,C,1992-04-24,Oakville,ON,CAN,CAN,71,177,2011,7,209,20142015,N,193,20,31,51
Nikita Nesterov,L,D,1993-03-28,Chelyabinsk,--,RUS,RUS,71,191,2011,5,148,20142015,N,170,9,28,37
Frank Corrado,R,D,1993-03-26,Toronto,ON,CAN,CAN,72,205,2011,5,150,20122013,N,76,3,5,8
Rob O'Gara,L,D,1993-07-06,Massapequa,NY,USA,USA,76,214,2011,5,151,20162017,N,33,0,3,3
Lukas Sedlak,L,C,1993-02-25,Ceské Budejovice,--,CZE,CZE,72,205,2011,6,158,20162017,N,162,15,12,27
Josh Manson,R,D,1991-10-07,Hinsdale,IL,USA,CAN,75,218,2011,6,160,20142015,N,475,28,92,120
Max McCormick,L,L,1992-05-01,De Pere,WI,USA,USA,71,188,2011,6,171,20152016,N,93,8,5,13
Josh Archibald,R,R,1992-10-06,Regina,SK,CAN,CAN,70,176,2011,6,174,20152016,N,243,39,32,71
Travis Boyd,R,C,1993-09-14,Hopkins,MN,USA,USA,72,190,2011,6,177,20172018,N,198,30,46,76
Dylan DeMelo,R,D,1993-05-01,London,ON,CAN,CAN,72,191,2011,6,179,20152016,N,397,8,78,86
Iiro Pakarinen,R,R,1991-08-25,Loviisa,--,FIN,FIN,73,212,2011,7,184,20142015,N,134,10,13,23
Tyler Graovac,L,C,1993-04-27,Brampton,ON,CAN,CAN,77,208,2011,7,191,20142015,N,84,12,3,15
Gregory Hofmann,L,C,1992-11-13,Biel,--,CHE,CHE,72,194,2011,4,103,20212022,N,24,2,5,7
Johnny Gaudreau,L,L,1993-08-13,Salem,NJ,USA,USA,69,165,2011,4,104,20132014,N,602,210,399,609
Tobias Rieder,L,L,1993-01-10,Landshut,--,DEU,DEU,71,189,2011,4,114,20142015,N,478,64,81,145
Fredrik Claesson,L,D,1992-11-24,Stockholm,--,SWE,SWE,73,196,2011,5,126,20152016,N,170,7,21,28
Blake Pietila,L,L,1993-02-20,Milford,MI,USA,USA,71,200,2011,5,129,20152016,N,38,1,3,4
Nick Seeler,L,D,1993-06-03,Eden Prairie,MN,USA,USA,74,201,2011,5,131,20172018,N,148,3,12,15
Sean Kuraly,L,C,1993-01-20,Niagara Falls,NY,USA,USA,74,205,2011,5,133,20162017,N,347,38,60,98
Andrew Shaw,R,R,1991-07-20,Belleville,ON,CAN,CAN,71,182,2011,5,139,20112012,N,544,116,131,247
Shane Prince,L,L,1992-11-16,Rochester,NY,USA,USA,71,193,2011,2,61,20142015,N,128,12,26,38
Vincent Trocheck,R,C,1993-07-11,Pittsburgh,PA,USA,USA,70,183,2011,3,64,20132014,N,555,150,228,378
Joseph Cramarossa,L,C,1992-10-26,Markham,ON,CAN,CAN,73,190,2011,3,65,20162017,N,64,4,8,12
T.J. Tynan,R,C,1992-02-25,Orland Park,IL,USA,USA,68,160,2011,3,66,20162017,N,21,0,1,1
Adam Lowry,L,C,1993-03-29,St. Louis,MO,USA,USA,77,210,2011,3,67,20142015,N,539,80,88,168
Nick Cousins,L,C,1993-07-20,Belleville,ON,CAN,CAN,71,192,2011,3,68,20142015,N,444,55,83,138
Steven Fogarty,R,C,1993-04-19,Chambersburg,PA,USA,USA,75,204,2011,3,72,20172018,N,29,1,2,3
Blake Coleman,L,C,1991-11-28,Plano,TX,USA,USA,71,207,2011,3,75,20162017,N,382,87,72,159
Logan Shaw,R,R,1992-10-05,Glace Bay,NS,CAN,CAN,75,208,2011,3,76,20152016,N,232,16,23,39
Klas Dahlbeck,L,D,1991-07-06,Katrineholm,--,SWE,SWE,75,207,2011,3,79,20142015,N,170,6,17,23
Andy Andreoff,L,C,1991-05-17,Pickering,ON,CAN,CAN,74,200,2011,3,80,20142015,N,185,14,12,26
Nicholas Shore,R,C,1992-09-26,Denver,CO,USA,USA,73,198,2011,3,82,20142015,N,299,18,41,59
Andy Welinski,R,D,1993-04-27,Duluth,MN,USA,USA,73,201,2011,3,83,20172018,N,46,1,5,6
Alan Quine,L,C,1993-02-25,Belleville,ON,CAN,CAN,72,203,2013,6,166,20152016,N,106,10,18,28
Josh Leivo,R,L,1993-05-26,Innisfil,ON,CAN,CAN,74,192,2011,3,86,20132014,N,214,38,39,77
Kyle Rau,L,C,1992-10-24,Eden Prairie,MN,USA,USA,69,171,2011,3,91,20152016,N,61,2,5,7
Jean-Gabriel Pageau,R,C,1992-11-11,Ottawa,ON,CAN,CAN,71,180,2011,4,96,20122013,N,566,121,130,251
Mike Reilly,L,D,1993-07-13,Chicago,IL,USA,USA,74,195,2011,4,98,20152016,N,329,12,85,97
Reid Boucher,L,C,1993-09-08,Lansing,MI,USA,USA,70,195,2011,4,99,20132014,N,133,20,22,42
Ty Rattie,R,R,1993-02-05,Calgary,AB,CAN,CAN,72,183,2011,2,32,20132014,N,99,13,17,30
Rocco Grimaldi,R,R,1993-02-08,Anaheim,CA,USA,USA,66,180,2011,2,33,20142015,N,203,30,37,67
Scott Mayfield,R,D,1992-10-14,St. Louis,MO,USA,USA,77,220,2011,2,34,20132014,N,346,19,68,87
Tomas Jurco,L,R,1992-12-28,Kosice,--,SVK,SVK,74,197,2011,2,35,20132014,N,221,22,31,53
Adam Clendening,R,D,1992-10-26,Niagara Falls,NY,USA,USA,72,194,2011,2,36,20142015,N,90,4,20,24
Boone Jenner,L,C,1993-06-15,Dorchester,ON,CAN,CAN,74,205,2011,2,37,20132014,N,589,144,140,284
Dmitrij Jaskin,L,R,1993-03-23,Omsk,--,RUS,CZE,74,216,2011,2,41,20122013,N,315,27,43,70
Victor Rask,L,C,1993-03-01,Leksand,--,SWE,SWE,74,199,2011,2,42,20142015,N,506,89,134,223
Brandon Saad,L,L,1992-10-27,Pittsburgh,PA,USA,USA,73,215,2011,2,43,20112012,N,710,208,212,420
Brett Ritchie,R,R,1993-07-01,Orangeville,ON,CAN,CAN,76,220,2011,2,44,20142015,N,341,42,30,72
Markus Granlund,L,C,1993-04-16,Oulu,--,FIN,FIN,72,180,2011,2,45,20132014,N,335,58,43,101
Joel Edmundson,L,D,1993-06-28,Brandon,MB,CAN,CAN,77,224,2011,2,46,20152016,N,416,26,65,91
Matt Nieto,L,L,1992-11-05,Long Beach,CA,USA,USA,71,187,2011,2,47,20132014,N,570,73,102,175
Xavier Ouellet,L,D,1993-07-29,Bayonne,--,FRA,FRA,72,197,2011,2,48,20132014,N,178,5,23,28
Miikka Salomaki,L,R,1993-03-09,Raahe,--,FIN,FIN,71,203,2011,2,52,20142015,N,167,12,15,27
William Karlsson,L,C,1993-01-08,Marsta,--,SWE,SWE,72,192,2011,2,53,20142015,N,533,126,178,304
Scott Harrington,L,D,1993-03-10,Kingston,ON,CAN,CAN,74,204,2011,2,54,20142015,N,210,7,31,38
Ryan Sproul,R,D,1993-01-13,Mississauga,ON,CAN,CAN,76,205,2011,2,55,20132014,N,44,2,10,12
Lucas Lessio,L,L,1993-01-23,Maple,ON,CAN,CAN,73,212,2011,2,56,20132014,N,41,3,4,7
Tyler Wotherspoon,L,D,1993-03-12,Burnaby,BC,CAN,CAN,74,207,2011,2,57,20132014,N,30,0,5,5
Nikita Kucherov,L,R,1993-06-17,Maykop,--,RUS,RUS,71,183,2011,2,58,20132014,N,562,246,370,616
Ryan Nugent-Hopkins,L,C,1993-04-12,Burnaby,BC,CAN,CAN,72,184,2011,1,1,20112012,N,719,196,332,528
Gabriel Landeskog,L,L,1992-11-23,Stockholm,--,SWE,SWE,73,215,2011,1,2,20112012,N,738,248,323,571
Jonathan Huberdeau,L,L,1993-06-04,Saint-Jerome,QC,CAN,CAN,73,202,2011,1,3,20122013,N,671,198,415,613
Adam Larsson,R,D,1992-11-12,Skellefteå,--,SWE,SWE,75,208,2011,1,4,20112012,N,685,33,129,162
Ryan Strome,R,C,1993-07-11,Mississauga,ON,CAN,CAN,73,191,2011,1,5,20132014,N,621,130,227,357
Mika Zibanejad,R,C,1993-04-18,Stockholm,--,SWE,SWE,74,200,2011,1,6,20112012,N,685,229,286,515
Mark Scheifele,R,C,1993-03-15,Kitchener,ON,CAN,CAN,75,207,2011,1,7,20112012,N,642,230,347,577
Sean Couturier,L,C,1992-12-07,Phoenix,AZ,USA,CAN,75,211,2011,1,8,20112012,N,721,180,280,460
Dougie Hamilton,R,D,1993-06-17,Toronto,ON,CAN,CAN,78,230,2011,1,9,20122013,N,669,115,256,371
Jonas Brodin,L,D,1993-07-12,Karlstad,--,SWE,SWE,74,196,2011,1,10,20122013,N,681,44,155,199
Duncan Siemens,L,D,1993-09-07,Edmonton,AB,CAN,CAN,75,210,2011,1,11,20142015,N,20,1,1,2
Ryan Murphy,R,D,1993-03-31,Aurora,ON,CAN,CAN,71,175,2011,1,12,20122013,N,175,8,35,43
Sven Baertschi,L,L,1992-10-05,Bern,--,CHE,CHE,71,190,2011,1,13,20112012,N,292,66,72,138
Jamie Oleksiak,L,D,1992-12-21,Toronto,ON,CAN,CAN,79,255,2011,1,14,20122013,N,441,25,64,89
J.T. Miller,L,C,1993-03-14,East Palestine,OH,USA,USA,73,218,2011,1,15,20122013,N,637,169,285,454
Joel Armia,R,R,1993-05-31,Pori,--,FIN,FIN,75,218,2011,1,16,20142015,N,396,68,71,139
Nathan Beaulieu,L,D,1992-12-05,Strathroy,ON,CAN,CAN,74,200,2011,1,17,20122013,N,419,12,82,94
Oscar Klefbom,L,D,1993-07-20,Karlstad,--,SWE,SWE,75,216,2011,1,19,20132014,N,378,34,122,156
Connor Murphy,R,D,1993-03-26,Dublin,OH,USA,USA,76,212,2011,1,20,20132014,N,551,32,88,120
Stefan Noesen,R,R,1993-02-12,Plano,TX,USA,USA,73,205,2011,1,21,20142015,N,207,31,23,54
Joe Morrow,L,D,1992-12-09,Edmonton,AB,CAN,CAN,72,196,2011,1,23,20142015,N,162,9,23,32
Matt Puempel,L,L,1993-01-24,Windsor,ON,CAN,CAN,73,201,2011,1,24,20142015,N,87,11,5,16
Phillip Danault,L,C,1993-02-24,Victoriaville,QC,CAN,CAN,73,200,2011,1,26,20142015,N,471,82,168,250
Vladislav Namestnikov,L,C,1992-11-22,Zhukovskiy,--,RUS,RUS,72,180,2011,1,27,20132014,N,553,107,129,236
Nicklas Jensen,L,R,1993-03-06,Herning,--,DNK,DNK,75,216,2011,1,29,20122013,N,31,3,3,6
Rickard Rakell,R,R,1993-05-05,Sundbyberg,--,SWE,SWE,73,195,2011,1,30,20122013,N,569,158,194,352
Seth Griffith,R,C,1993-01-04,Wallaceburg,ON,CAN,CAN,69,190,2012,5,131,20142015,N,80,8,11,19
Colin Miller,R,D,1992-10-29,Sault Ste. Marie,ON,CAN,CAN,73,198,2012,5,151,20152016,N,387,29,107,136
Kurtis Gabriel,R,R,1993-04-20,Newmarket,ON,CAN,CAN,78,212,2013,3,81,20152016,N,51,2,3,5
Tomas Hyka,R,R,1993-03-23,Mlada Boleslav,--,CZE,CZE,71,160,2012,6,171,20172018,N,27,2,5,7
Ryan Murray,L,D,1993-09-27,Regina,SK,CAN,CAN,73,206,2012,1,2,20132014,N,432,15,113,128
Alex Galchenyuk,L,C,1994-02-12,Milwaukee,WI,USA,USA,73,194,2012,1,3,20122013,N,643,146,208,354
Griffin Reinhart,L,D,1994-01-24,North Vancouver,BC,CAN,CAN,76,212,2012,1,4,20142015,N,37,0,2,2
Morgan Rielly,L,D,1994-03-09,Vancouver,BC,CAN,CAN,73,220,2012,1,5,20132014,N,654,69,304,373
Hampus Lindholm,L,D,1994-01-20,Helsingborg,--,SWE,SWE,76,213,2012,1,6,20132014,N,592,57,170,227
Nail Yakupov,L,R,1993-10-06,Nizhnekamsk,--,RUS,RUS,71,195,2012,1,1,20122013,N,350,62,74,136
Matt Dumba,R,D,1994-07-25,Regina,SK,CAN,CAN,72,181,2012,1,7,20132014,N,519,75,147,222
Pontus Aberg,R,L,1993-09-23,Stockholm,--,SWE,SWE,72,194,2012,2,37,20162017,N,132,17,27,44
Phillip Di Giuseppe,L,L,1993-10-09,Toronto,ON,CAN,CAN,72,193,2012,2,38,20152016,N,201,16,37,53
Brendan Gaunce,L,C,1994-03-25,Sudbury,ON,CAN,CAN,75,214,2012,1,26,20152016,N,148,11,12,23
Brady Skjei,L,D,1994-03-26,Lakeville,MN,USA,USA,75,210,2012,1,28,20152016,N,448,37,125,162
Stefan Matteau,L,C,1994-02-23,Chicago,IL,USA,USA,74,208,2012,1,29,20122013,N,92,6,5,11
Tanner Pearson,L,L,1992-08-10,Kitchener,ON,CAN,CAN,73,201,2012,1,30,20132014,N,576,132,135,267
Scott Laughton,L,C,1994-05-30,Oakville,ON,CAN,CAN,73,190,2012,1,20,20122013,N,441,64,92,156
Mark Jankowski,L,C,1994-09-13,Hamilton,ON,CAN,CAN,76,212,2012,1,21,20162017,N,272,42,38,80
Olli Maatta,L,D,1994-08-22,Jyväskylä,--,FIN,FIN,74,210,2012,1,22,20132014,N,534,30,106,136
Mike Matheson,L,D,1994-02-27,Pointe-Claire,QC,CAN,CAN,74,188,2012,1,23,20152016,N,417,49,89,138
Jordan Schmaltz,R,D,1993-10-08,Madison,WI,USA,USA,74,196,2012,1,25,20162017,N,42,0,5,5
Zemgus Girgensons,L,L,1994-01-05,Riga,--,LVA,LVA,74,213,2012,1,14,20132014,N,545,71,85,156
Cody Ceci,R,D,1993-12-21,Ottawa,ON,CAN,CAN,74,210,2012,1,15,20132014,N,627,42,129,171
Tom Wilson,R,R,1994-03-29,Toronto,ON,CAN,CAN,76,220,2012,1,16,20132014,N,647,115,158,273
Tomas Hertl,L,C,1993-11-12,Praha,--,CZE,CZE,75,215,2012,1,17,20132014,N,585,181,206,387
Teuvo Teravainen,L,L,1994-09-11,Helsinki,--,FIN,FIN,71,191,2012,1,18,20132014,N,526,118,251,369
Derrick Pouliot,L,D,1994-01-16,Estevan,SK,CAN,CAN,72,196,2012,1,8,20142015,N,213,8,44,52
Jacob Trouba,R,D,1994-02-26,Rochester,MI,USA,USA,75,208,2012,1,9,20132014,N,597,62,195,257
Slater Koekkoek,L,D,1994-02-18,Winchester,ON,CAN,CAN,74,193,2012,1,10,20142015,N,186,8,26,34
Filip Forsberg,R,L,1994-08-13,Ostervala,--,SWE,SWE,73,205,2012,1,11,20122013,N,566,220,249,469
Mikhail Grigorenko,L,C,1994-05-16,Khabarovsk,--,RUS,RUS,75,206,2012,1,12,20122013,N,249,26,50,76
Radek Faksa,L,C,1994-01-09,Vitkov,--,CZE,CZE,75,220,2012,1,13,20152016,N,483,71,90,161
Matt Grzelcyk,L,D,1994-01-05,Charlestown,MA,USA,USA,69,178,2012,3,85,20162017,N,307,19,79,98
Colton Parayko,R,D,1993-05-12,St. Albert,AB,CAN,CAN,78,228,2012,3,86,20152016,N,498,47,159,206
Brendan Leipsic,L,L,1994-05-19,Winnipeg,MB,CAN,CAN,71,180,2012,3,89,20152016,N,187,16,43,59
Oskar Sundqvist,R,C,1994-03-23,Boden,--,SWE,SWE,75,208,2012,3,81,20152016,N,288,40,55,95
Esa Lindell,L,D,1994-05-23,Vantaa,--,FIN,FIN,75,220,2012,3,74,20152016,N,440,36,105,141
Chandler Stephenson,L,C,1994-04-22,Saskatoon,SK,CAN,CAN,72,203,2012,3,77,20152016,N,339,57,97,154
Shayne Gostisbehere,L,D,1993-04-20,Pembroke Pines,FL,USA,USA,71,180,2012,3,78,20142015,N,463,74,196,270
Mackenzie MacEachern,L,L,1994-03-09,Bloomfield Hills,MI,USA,USA,74,193,2012,3,67,20182019,N,115,11,8,19
Devin Shore,L,C,1994-07-19,Ajax,ON,CAN,CAN,73,206,2012,2,61,20152016,N,375,49,77,126
Jujhar Khaira,L,L,1994-08-13,Surrey,BC,CAN,CAN,76,212,2012,3,63,20152016,N,285,27,39,66
Adam Pelech,L,D,1994-08-16,Toronto,ON,CAN,CAN,75,205,2012,3,65,20152016,N,381,19,84,103
Jimmy Vesey,L,L,1993-05-26,Boston,MA,USA,USA,75,202,2012,3,66,20162017,N,422,72,63,135
Chris Tierney,L,C,1994-07-01,Keswick,ON,CAN,CAN,73,191,2012,2,55,20142015,N,561,73,153,226
Jordan Martinook,L,L,1992-07-25,Brandon,MB,CAN,CAN,72,196,2012,2,58,20142015,N,477,53,78,131
Boo Nieves,L,C,1994-01-23,Syracuse,NY,USA,USA,75,214,2012,2,59,20162017,N,76,5,14,19
Damon Severson,R,D,1994-08-07,Melville,SK,CAN,CAN,74,205,2012,2,60,20142015,N,566,51,179,230
Martin Frk,R,R,1993-10-05,Pelhrimov,--,CZE,CZE,73,210,2012,2,49,20162017,N,124,20,21,41
Colton Sissons,R,C,1993-11-05,North Vancouver,BC,CAN,CAN,73,200,2012,2,50,20132014,N,455,61,74,135
Teddy Blueger,L,C,1994-08-15,Riga,--,LVA,LVA,72,185,2012,2,52,20182019,N,205,31,51,82
Jake McCabe,L,D,1993-10-12,Eau Claire,WI,USA,USA,73,204,2012,2,44,20132014,N,428,22,77,99
Brock McGinn,L,L,1994-02-02,Fergus,ON,CAN,CAN,72,187,2012,2,47,20152016,N,409,63,65,128
Connor Carrick,R,D,1994-04-13,Orland Park,IL,USA,USA,71,192,2012,5,137,20132014,N,241,13,36,49
Nikolai Prokhorkin,L,L,1993-09-17,Chelyabinsk,--,RUS,RUS,75,190,2012,4,121,20192020,N,43,4,10,14
Charles Hudon,L,L,1994-06-23,Alma,QC,CAN,CAN,70,190,2012,5,122,20152016,N,125,14,27,41
Dominic Toninato,L,C,1994-03-09,Duluth,MN,USA,USA,74,191,2012,5,126,20172018,N,164,12,17,29
Taylor Leier,L,L,1994-02-15,Saskatoon,SK,CAN,CAN,71,180,2012,4,117,20152016,N,55,2,5,7
Jaccob Slavin,L,D,1994-05-01,Denver,CO,USA,USA,75,207,2012,4,120,20152016,N,508,36,172,208
Andreas Athanasiou,L,C,1994-08-06,Woodbridge,ON,CAN,CAN,74,190,2012,4,110,20152016,N,378,105,91,196
Gemel Smith,L,C,1994-04-16,Toronto,ON,CAN,CAN,70,203,2012,4,104,20162017,N,91,12,13,25
Brett Kulak,L,D,1994-01-06,Edmonton,AB,CAN,CAN,73,197,2012,4,105,20142015,N,334,15,49,64
Kevin Roy,L,C,1993-05-20,Greenfield Park,QC,CAN,CAN,69,172,2012,4,97,20172018,N,28,6,1,7
Cedric Paquette,L,C,1993-08-13,Gaspe,QC,CAN,CAN,72,205,2012,4,101,20132014,N,448,51,44,95
Erik Gustafsson,L,D,1992-03-14,Nynashamn,--,SWE,SWE,72,197,2012,4,93,20152016,N,309,32,117,149
Josh Anderson,R,R,1994-05-07,Burlington,ON,CAN,CAN,75,227,2012,4,95,20142015,N,388,101,70,171
Danny O'Regan,R,C,1994-01-30,Berlin,--,DEU,USA,70,180,2012,5,138,20162017,N,30,1,5,6
Paul LaDue,R,D,1992-09-06,Grand Forks,ND,USA,USA,75,200,2012,6,181,20162017,N,70,5,13,18
Matt Benning,R,D,1994-05-25,Edmonton,AB,CAN,CAN,73,203,2012,6,175,20162017,N,366,16,60,76
Petteri Lindbohm,L,D,1993-09-23,Helsinki,--,FIN,FIN,75,198,2012,6,176,20142015,N,49,2,2,4
Vinnie Hinostroza,R,C,1994-04-03,Chicago,IL,USA,USA,70,177,2012,6,169,20152016,N,334,51,86,137
Jake Dotchin,R,D,1994-03-24,Cambridge,ON,CAN,CAN,75,210,2012,6,161,20162017,N,103,3,20,23
Joseph Blandisi,L,C,1994-07-18,Markham,ON,CAN,CAN,72,184,2012,6,162,20152016,N,101,10,21,31
Connor Brown,R,R,1994-01-14,Toronto,ON,CAN,CAN,72,181,2012,6,156,20152016,N,444,90,126,216
Ben Hutton,L,D,1993-04-20,Brockville,ON,CAN,CAN,74,206,2012,5,147,20152016,N,437,19,85,104
Alexander Kerfoot,L,C,1994-08-11,Vancouver,BC,CAN,CAN,70,181,2012,5,150,20172018,N,360,64,123,187
Jaycob Megna,L,D,1992-12-10,Plantation,FL,USA,USA,78,220,2012,7,210,20162017,N,87,3,10,13
Nikita Gusev,R,L,1992-07-08,Moscow,--,RUS,RUS,69,163,2012,7,202,20192020,N,97,17,37,54
Christian Djoos,L,D,1994-08-06,Gothenburg,--,SWE,SWE,72,180,2012,7,195,20172018,N,155,7,31,38
Joakim Ryan,L,D,1993-06-17,Rumson,NJ,USA,USA,71,185,2012,7,198,20172018,N,145,4,20,24
Anton Blidh,L,L,1995-03-14,Molnlycke,--,SWE,SWE,73,197,2013,6,180,20162017,N,70,4,8,12
Joel Vermin,L,R,1992-02-05,Bern,--,CHE,CHE,71,192,2013,7,186,20152016,N,24,0,4,4
Dominik Kubalik,L,L,1995-08-21,Plzen,--,CZE,CZE,74,179,2013,7,191,20192020,N,202,62,54,116
Kyle Burroughs,R,D,1995-07-12,Vancouver,BC,CAN,CAN,72,193,2013,7,196,20202021,N,47,1,5,6
John Gilmour,L,D,1993-05-17,Montréal,QC,CAN,CAN,72,188,2013,7,198,20172018,N,37,2,3,5
Andreas Johnsson,L,L,1994-11-21,Gävle,--,SWE,SWE,70,195,2013,7,202,20172018,N,246,48,65,113
MacKenzie Weegar,R,D,1994-01-07,Ottawa,ON,CAN,CAN,72,200,2013,7,206,20162017,N,306,27,94,121
Tyler Motte,L,C,1995-03-10,St. Clair,MI,USA,USA,70,192,2013,4,121,20162017,N,269,35,27,62
Will Butcher,L,D,1995-01-06,Sun Prairie,WI,USA,USA,70,190,2013,5,123,20172018,N,275,16,98,114
Saku Maenalanen,L,R,1994-05-29,Kemi,--,FIN,FIN,76,207,2013,5,125,20182019,N,34,4,4,8
Tucker Poolman,R,D,1993-06-08,Dubuque,IA,USA,USA,74,199,2013,5,127,20172018,N,160,6,16,22
Connor Clifton,R,D,1995-04-28,Long Branch,NJ,USA,USA,71,189,2013,5,133,20182019,N,154,5,15,20
Luke Johnson,R,C,1994-09-19,Grand Forks,ND,USA,USA,71,174,2013,5,134,20182019,N,32,1,1,2
Carson Soucy,L,D,1994-07-27,Viking,AB,CAN,CAN,77,211,2013,5,137,20172018,N,172,18,34,52
Jonny Brodzinski,R,C,1993-06-19,Ham Lake,MN,USA,USA,73,211,2013,5,148,20162017,N,84,8,7,15
Josh Brown,R,D,1994-01-21,London,ON,CAN,CAN,77,220,2013,6,152,20182019,N,171,4,13,17
Hudson Fasching,R,R,1995-07-28,Milwaukee,WI,USA,USA,75,204,2013,4,118,20152016,N,38,1,2,3
John Hayden,R,C,1995-02-14,Chicago,IL,USA,USA,75,223,2013,3,74,20162017,N,240,15,20,35
Pavel Buchnevich,L,L,1995-04-17,Cherepovets,--,RUS,RUS,73,196,2013,3,75,20162017,N,374,109,162,271
Jake Guentzel,L,L,1994-10-06,Omaha,NE,USA,USA,71,180,2013,3,77,20162017,N,375,161,180,341
Mattias Janmark,L,C,1992-12-08,Danderyd,--,SWE,SWE,73,205,2013,3,79,20152016,N,420,66,92,158
Anthony Duclair,L,L,1995-08-26,Pointe-Claire,QC,CAN,CAN,71,197,2013,3,80,20142015,N,470,120,132,252
Carter Verhaeghe,L,C,1995-08-14,Toronto,ON,CAN,CAN,74,180,2013,3,82,20192020,N,173,51,53,104
Sven Andrighetto,L,R,1993-03-21,Zurich,--,CHE,CHE,70,188,2013,3,86,20142015,N,216,31,52,83
Anton Slepyshev,R,L,1994-05-13,Penza,--,RUS,RUS,74,221,2013,3,88,20152016,N,102,10,13,23
Oliver Bjorkstrand,R,R,1995-04-10,Herning,--,DNK,DNK,72,177,2013,3,89,20152016,N,382,111,123,234
Peter Cehlarik,L,L,1995-08-02,Zilina,--,SVK,SVK,74,202,2013,3,90,20162017,N,40,5,6,11
Mason Geertsen,L,D,1995-04-19,Drayton Valley,AB,CAN,CAN,76,227,2013,4,93,20212022,N,25,0,0,0
Miles Wood,L,L,1995-09-13,Buffalo,NY,USA,USA,74,195,2013,4,100,20152016,N,326,65,56,121
Nicholas Paul,L,L,1995-03-20,Mississauga,ON,CAN,CAN,75,224,2013,4,101,20152016,N,248,34,46,80
Andrew Copp,L,C,1994-07-08,Ann Arbor,MI,USA,USA,73,206,2013,4,104,20142015,N,483,82,120,202
Ben Harpur,L,D,1995-01-12,Hamilton,ON,CAN,CAN,78,231,2013,4,108,20152016,N,156,1,14,15
Ryan Graves,L,D,1995-05-21,Yarmouth,NS,CAN,CAN,77,220,2013,4,110,20182019,N,224,20,54,74
Andre Burakovsky,L,L,1995-02-09,Klagenfurt,--,AUT,SWE,75,201,2013,1,23,20142015,N,519,123,172,295
Michael McCarron,R,R,1995-03-07,Grosse Pointe,MI,USA,USA,78,232,2013,1,25,20152016,N,126,9,13,22
Shea Theodore,L,D,1995-08-03,Langley,BC,CAN,CAN,74,197,2013,1,26,20152016,N,395,58,165,223
Marko Dano,L,C,1994-11-30,Eisenstadt,--,AUT,SVK,71,201,2013,1,27,20142015,N,141,19,26,45
Jason Dickinson,L,C,1995-07-04,Georgetown,ON,CAN,CAN,74,200,2013,1,29,20152016,N,283,30,44,74
Ryan Hartman,R,R,1994-09-20,Hilton Head Island,SC,USA,USA,72,197,2013,1,30,20142015,N,447,92,104,196
Ian McCoshen,L,D,1995-08-05,Anaheim,CA,USA,USA,75,218,2013,2,31,20162017,N,60,4,3,7
Chris Bigras,L,D,1995-02-22,Orillia,ON,CAN,CAN,73,191,2013,2,32,20152016,N,46,1,3,4
Adam Erne,L,L,1995-04-20,New Haven,CT,USA,USA,73,211,2013,2,33,20162017,N,294,32,39,71
Jacob de la Rose,L,L,1995-05-20,Arvika,--,SWE,SWE,75,215,2013,2,34,20142015,N,242,13,25,38
J.T. Compher,R,L,1995-04-08,Northbrook,IL,USA,USA,72,190,2013,2,35,20162017,N,341,71,71,142
Valentin Zykov,R,L,1995-05-15,St. Petersburg,--,RUS,RUS,72,220,2013,2,37,20162017,N,55,7,10,17
Laurent Dauphin,L,C,1995-03-27,Repentigny,QC,CAN,CAN,72,186,2013,2,39,20152016,N,73,7,9,16
Remi Elie,L,L,1995-04-16,Cornwall,ON,CAN,CAN,73,215,2013,2,40,20162017,N,107,7,15,22
Robert Hagg,L,D,1995-02-08,Uppsala,--,SWE,SWE,74,207,2013,2,41,20162017,N,300,14,42,56
Steven Santini,R,D,1995-03-07,Bronxville,NY,USA,USA,74,209,2013,2,42,20152016,N,119,5,17,22
Nic Petan,L,C,1995-03-22,Delta,BC,CAN,CAN,69,175,2013,2,43,20152016,N,154,6,24,30
Gustav Olofsson,L,D,1994-12-01,Boras,--,SWE,SWE,74,199,2013,2,46,20152016,N,59,0,11,11
Dillon Heatherington,L,D,1995-05-09,Calgary,AB,CAN,CAN,76,215,2013,2,50,20172018,N,20,0,2,2
Carl Dahlstrom,L,D,1995-01-28,Stockholm,--,SWE,SWE,77,229,2013,2,51,20172018,N,67,0,12,12
Justin Bailey,R,R,1995-07-01,Buffalo,NY,USA,USA,76,214,2013,2,52,20152016,N,82,5,4,9
Madison Bowey,R,D,1995-04-22,Winnipeg,MB,CAN,CAN,74,202,2013,2,53,20172018,N,158,5,35,40
Artturi Lehkonen,L,L,1995-07-04,Piikkio,--,FIN,FIN,71,179,2013,2,55,20162017,N,412,80,78,158
William Carrier,L,L,1994-12-20,LaSalle,QC,CAN,CAN,74,212,2013,2,57,20162017,N,318,36,38,74
Tyler Bertuzzi,L,L,1995-02-24,Sudbury,ON,CAN,CAN,73,197,2013,2,58,20162017,N,276,84,104,188
Zach Sanford,L,L,1994-11-09,Salem,MA,USA,USA,76,206,2013,2,61,20162017,N,289,47,48,95
Brett Pesce,R,D,1994-11-15,Tarrytown,NY,USA,USA,75,206,2013,3,66,20152016,N,475,31,124,155
Nick Baptiste,R,R,1995-08-04,Ottawa,ON,CAN,CAN,73,203,2013,3,69,20162017,N,47,7,3,10
Nathan MacKinnon,R,C,1995-09-01,Halifax,NS,CAN,CAN,72,200,2013,1,1,20132014,N,638,242,406,648
Aleksander Barkov,L,C,1995-09-02,Tampere,--,FIN,FIN,75,215,2013,1,2,20132014,N,596,220,333,553
Jonathan Drouin,L,L,1995-03-28,Ste-Agathe,QC,CAN,CAN,72,203,2013,1,3,20142015,N,427,75,177,252
Seth Jones,R,D,1994-10-03,Arlington,TX,USA,USA,76,213,2013,1,4,20132014,N,658,70,267,337
Elias Lindholm,R,C,1994-12-02,Boden,--,SWE,SWE,73,195,2013,1,5,20132014,N,663,181,268,449
Sean Monahan,L,C,1994-10-12,Brampton,ON,CAN,CAN,74,200,2013,1,6,20132014,N,656,212,250,462
Darnell Nurse,L,D,1995-02-04,Hamilton,ON,CAN,CAN,76,221,2013,1,7,20142015,N,477,54,138,192
Rasmus Ristolainen,R,D,1994-10-27,Turku,--,FIN,FIN,76,221,2013,1,8,20132014,N,608,48,213,261
Bo Horvat,L,C,1995-04-05,London,ON,CAN,CAN,72,215,2013,1,9,20142015,N,572,170,196,366
Valeri Nichushkin,L,R,1995-03-04,Chelyabinsk,--,RUS,RUS,76,210,2013,1,10,20132014,N,405,71,103,174
Samuel Morin,L,L,1995-07-12,Lac-Beauport,QC,CAN,CAN,78,202,2013,1,11,20162017,N,29,1,0,1
Max Domi,L,C,1995-03-02,Winnipeg,MB,CAN,CAN,70,194,2013,1,12,20152016,N,501,101,213,314
Josh Morrissey,L,D,1995-03-28,Calgary,AB,CAN,CAN,72,195,2013,1,13,20152016,N,423,40,126,166
Alex Wennberg,L,C,1994-09-22,Stockholm,--,SWE,SWE,74,197,2013,1,14,20142015,N,551,68,199,267
Ryan Pulock,R,D,1994-10-06,Dauphin,MB,CAN,CAN,74,215,2013,1,15,20152016,N,346,38,108,146
Nikita Zadorov,L,D,1995-04-16,Moscow,--,RUS,RUS,78,235,2013,1,16,20132014,N,485,27,78,105
Curtis Lazar,R,C,1995-02-02,Salmon Arm,BC,CAN,CAN,72,203,2013,1,17,20142015,N,404,35,55,90
Mirco Mueller,L,D,1995-03-21,Winterthur,--,CHE,CHE,75,210,2013,1,18,20142015,N,185,5,23,28
Kerby Rychel,L,L,1994-10-07,Torrance,CA,USA,USA,73,213,2013,1,19,20142015,N,43,3,11,14
Anthony Mantha,L,R,1994-09-16,Longueuil,QC,CAN,CAN,77,234,2013,1,20,20152016,N,353,108,117,225
Frederik Gauthier,L,C,1995-04-26,Laval,QC,CAN,CAN,77,239,2013,1,21,20152016,N,178,13,18,31
Nathan Walker,L,L,1994-02-07,Cardiff,--,GBR,AUS,69,187,2014,3,89,20172018,N,55,11,6,17
Aaron Ekblad,R,D,1996-02-07,Windsor,ON,CAN,CAN,76,215,2014,1,1,20142015,N,554,97,194,291
Sam Reinhart,R,C,1995-11-06,West Vancouver,BC,CAN,CAN,74,193,2014,1,2,20142015,N,532,167,210,377
Leon Draisaitl,L,C,1995-10-27,Cologne,--,DEU,DEU,74,208,2014,1,3,20142015,N,558,254,362,616
Sam Bennett,L,C,1996-06-20,Holland Landing,ON,CAN,CAN,73,195,2014,1,4,20142015,N,483,101,103,204
Michael Dal Colle,L,L,1996-06-20,Woodbridge,ON,CAN,CAN,75,195,2014,1,5,20172018,N,112,8,13,21
Jake Virtanen,R,R,1996-08-17,Langley,BC,CAN,CAN,73,226,2014,1,6,20152016,N,317,55,45,100
Haydn Fleury,L,D,1996-07-08,Carlyle,SK,CAN,CAN,75,208,2014,1,7,20172018,N,215,9,22,31
William Nylander,R,R,1996-05-01,Calgary,AB,CAN,SWE,72,202,2014,1,8,20152016,N,439,137,206,343
Nikolaj Ehlers,L,L,1996-02-14,Aalborg,--,DNK,DNK,72,172,2014,1,9,20152016,N,478,164,194,358
Nick Ritchie,L,L,1995-12-05,Orangeville,ON,CAN,CAN,75,236,2014,1,10,20152016,N,407,71,89,160
Kevin Fiala,L,L,1996-07-22,St. Gallen,--,CHE,CHE,70,204,2014,1,11,20142015,N,419,124,159,283
Brendan Perlini,L,L,1996-04-27,Guildford,--,GBR,GBR,75,211,2014,1,12,20162017,N,262,50,31,81
Jakub Vrana,L,L,1996-02-28,Prague,--,CZE,CZE,72,196,2014,1,13,20162017,N,321,97,90,187
Julius Honka,R,D,1995-12-03,Jyväskylä,--,FIN,FIN,71,180,2014,1,14,20162017,N,87,2,11,13
Dylan Larkin,L,C,1996-07-30,Waterford,MI,USA,USA,73,198,2014,1,15,20152016,N,504,147,211,358
Sonny Milano,L,L,1996-05-12,Massapequa,NY,USA,USA,72,194,2014,1,16,20152016,N,197,36,45,81
Travis Sanheim,L,D,1996-03-29,Elkhorn,MB,CAN,CAN,75,181,2014,1,17,20172018,N,335,29,87,116
Alex Tuch,R,R,1996-05-10,Syracuse,NY,USA,USA,76,217,2014,1,18,20162017,N,305,73,104,177
Tony DeAngelo,R,D,1995-10-24,Sewell,NJ,USA,USA,71,180,2014,1,19,20162017,N,270,34,123,157
Nick Schmaltz,R,C,1996-02-23,Madison,WI,USA,USA,72,181,2014,1,20,20162017,N,364,78,163,241
Robby Fabbri,L,C,1996-01-22,Mississauga,ON,CAN,CAN,71,183,2014,1,21,20152016,N,302,73,79,152
Kasperi Kapanen,R,R,1996-07-23,Kuopio,--,FIN,FIN,73,194,2014,1,22,20152016,N,321,63,89,152
Jared McCann,L,L,1996-05-31,Stratford,ON,CAN,CAN,73,185,2014,1,24,20152016,N,427,93,112,205
David Pastrnak,R,R,1996-05-25,Havirov,--,CZE,CZE,72,195,2014,1,25,20142015,N,510,240,264,504
Nikita Scherbak,L,R,1995-12-30,Moscow,--,RUS,RUS,74,192,2014,1,26,20162017,N,37,6,2,8
Nikolay Goldobin,L,R,1995-10-07,Moscow,--,RUS,RUS,71,196,2014,1,27,20152016,N,125,19,27,46
Joshua Ho-Sang,R,R,1996-01-22,Toronto,ON,CAN,CAN,71,190,2014,1,28,20162017,N,53,7,17,24
Adrian Kempe,L,C,1996-09-13,Kramfors,--,SWE,SWE,74,200,2014,1,29,20162017,N,390,90,96,186
John Quenneville,L,C,1996-04-16,Edmonton,AB,CAN,CAN,73,195,2014,1,30,20162017,N,42,2,3,5
Brendan Lemieux,L,L,1996-03-15,Denver,CO,USA,USA,73,215,2014,2,31,20172018,N,230,31,29,60
Jayce Hawryluk,R,C,1996-01-01,Yorkton,SK,CAN,CAN,71,196,2014,2,32,20182019,N,98,12,15,27
Ivan Barbashev,L,C,1995-12-14,Moscow,--,RUS,RUS,73,195,2014,2,33,20162017,N,351,68,81,149
Marcus Pettersson,L,D,1996-05-08,Skellefteå,--,SWE,SWE,75,177,2014,2,38,20172018,N,294,9,70,79
Andreas Englund,L,D,1996-01-21,Stockholm,--,SWE,SWE,75,189,2014,2,40,20162017,N,33,0,3,3
Vladislav Kamenev,L,C,1996-08-12,Orsk,--,RUS,RUS,74,194,2014,2,42,20162017,N,66,3,10,13
Ryan MacInnis,L,C,1996-02-14,St. Louis,MO,USA,USA,76,201,2014,2,43,20192020,N,27,0,1,1
Nicolas Aube-Kubel,R,R,1996-05-10,Slave Lake,AB,CAN,CAN,71,187,2014,2,48,20182019,N,169,21,29,50
Brandon Montour,R,D,1994-04-11,Brantford,ON,CAN,CAN,72,194,2014,2,55,20162017,N,374,42,104,146
Ryan Donato,L,C,1996-04-09,Boston,MA,USA,USA,72,192,2014,2,56,20172018,N,254,51,57,108
Christian Dvorak,L,L,1996-02-02,Palos,IL,USA,USA,73,200,2014,2,58,20162017,N,358,78,101,179
Juho Lammikko,L,L,1996-01-29,Noormarkku,--,FIN,FIN,74,191,2014,3,65,20182019,N,159,11,15,26
Nikita Tryamkin,L,D,1994-08-30,Yekaterinburg,--,RUS,RUS,79,265,2014,3,66,20152016,N,79,3,8,11
Warren Foegele,L,L,1996-04-01,Markham,ON,CAN,CAN,74,198,2014,3,67,20172018,N,282,47,47,94
Brett Lernout,R,D,1995-09-24,Winnipeg,MB,CAN,CAN,76,214,2014,3,73,20152016,N,21,0,1,1
Brayden Point,R,C,1996-03-13,Calgary,AB,CAN,CAN,70,183,2014,3,79,20162017,N,417,167,201,368
Jake Walman,L,D,1996-02-20,Toronto,ON,CAN,CAN,74,215,2014,3,82,20192020,N,76,4,8,12
Mark Friedman,R,D,1995-12-25,Toronto,ON,CAN,CAN,71,185,2014,3,86,20182019,N,42,3,6,9
Michael Amadio,R,C,1996-05-13,Sault Ste. Marie,ON,CAN,CAN,74,205,2014,3,90,20172018,N,229,27,31,58
William Lagesson,L,D,1996-02-22,Gothenburg,--,SWE,SWE,74,207,2014,4,91,20192020,N,60,0,7,7
Lucas Wallmark,L,C,1995-09-05,Umea,--,SWE,SWE,72,178,2014,4,97,20162017,N,187,23,36,59
Christoffer Ehn,L,C,1996-04-05,Skara,--,SWE,SWE,75,195,2014,4,106,20182019,N,114,5,8,13
Devon Toews,L,D,1994-02-21,Abbotsford,BC,CAN,CAN,73,191,2014,4,108,20182019,N,235,33,101,134
Austin Poganski,R,R,1996-02-16,St. Cloud,MN,USA,USA,73,198,2014,4,110,20192020,N,22,0,0,0
Viktor Arvidsson,R,L,1993-04-08,Skellefteå,--,SWE,SWE,70,185,2014,4,112,20142015,N,451,147,141,288
Sam Lafferty,R,C,1995-03-06,Hollidaysburg,PA,USA,USA,73,195,2014,4,113,20192020,N,140,11,21,32
Danton Heinen,L,L,1995-07-05,Langley,BC,CAN,CAN,73,188,2014,4,116,20162017,N,348,62,92,154
Michael Bunting,L,L,1995-09-17,Scarborough,ON,CAN,CAN,72,186,2014,4,117,20182019,N,105,34,43,77
Max Willman,L,C,1995-02-13,Barnstable,MA,USA,USA,72,184,2014,5,121,20212022,N,41,4,2,6
Gustav Forsling,L,D,1996-06-12,Linkoping,--,SWE,SWE,72,186,2014,5,126,20162017,N,236,23,58,81
Clark Bishop,L,C,1996-03-29,St. John's,NL,CAN,CAN,73,197,2014,5,127,20182019,N,47,1,7,8
Dakota Joshua,L,C,1996-05-15,Dearborn,MI,USA,USA,75,206,2014,5,128,20202021,N,42,4,5,9
Dysin Mayo,R,D,1996-08-17,Victoria,BC,CAN,CAN,74,183,2014,5,133,20212022,N,67,4,8,12
Oskar Lindblom,L,L,1996-08-15,Gävle,--,SWE,SWE,73,191,2014,5,138,20172018,N,263,50,47,97
Anton Lindholm,L,D,1994-11-29,Skellefteå,--,SWE,SWE,71,191,2014,5,144,20162017,N,66,0,5,5
Anthony Angello,R,R,1996-03-06,Albany,NY,USA,USA,77,210,2014,5,145,20192020,N,31,3,2,5
Anders Bjork,L,L,1996-08-05,Mequon,WI,USA,USA,72,197,2014,5,146,20172018,N,211,24,29,53
Kevin Labanc,R,R,1995-12-12,Brooklyn,NY,USA,USA,71,185,2014,6,171,20162017,N,360,65,118,183
Sammy Blais,L,L,1996-06-17,Montmagny,QC,CAN,CAN,74,210,2014,6,176,20172018,N,133,17,22,39
Dylan Sikura,L,C,1995-06-01,Aurora,ON,CAN,CAN,71,170,2014,6,178,20172018,N,58,3,14,17
Victor Olofsson,L,L,1995-07-18,Ornskoldsvik,--,SWE,SWE,71,182,2014,7,181,20182019,N,188,55,72,127
Pierre Engvall,L,L,1996-05-31,Ljungby,--,SWE,SWE,77,215,2014,7,188,20192020,N,168,30,32,62
Ondrej Kase,R,R,1995-11-08,Kadan,--,CZE,CZE,72,187,2014,7,205,20162017,N,257,57,67,124
Jake Evans,R,C,1996-06-02,Toronto,ON,CAN,CAN,72,176,2014,7,207,20192020,N,132,18,27,45
Jacob Middleton,L,D,1996-01-02,Wainwright,AB,CAN,CAN,75,219,2014,7,210,20182019,N,80,4,13,17
Andrew Mangiapane,L,L,1996-04-04,Toronto,ON,CAN,CAN,70,184,2015,6,166,20172018,N,260,78,54,132
Noah Hanifin,L,D,1997-01-25,Boston,MA,USA,USA,75,215,2015,1,5,20152016,N,517,42,159,201
Rasmus Andersson,R,D,1996-10-27,Malmö,--,SWE,SWE,73,214,2015,2,53,20162017,N,298,16,96,112
Kyle Connor,L,L,1996-12-09,Shelby Township,MI,USA,USA,73,182,2015,1,17,20162017,N,384,178,166,344
Jonas Siegenthaler,L,D,1997-05-06,Zurich,--,CHE,CHE,74,218,2015,2,57,20182019,N,175,3,24,27
Colin White,R,C,1997-01-30,Boston,MA,USA,USA,73,194,2015,1,21,20162017,N,224,36,62,98
Pavel Zacha,L,C,1997-04-06,Brno,--,CZE,CZE,75,210,2015,1,6,20152016,N,386,69,110,179
Connor McDavid,L,C,1997-01-13,Richmond Hill,ON,CAN,CAN,73,193,2015,1,1,20152016,N,487,239,458,697
Jack Eichel,R,C,1996-10-28,North Chelmsford,MA,USA,USA,74,213,2015,1,2,20152016,N,409,153,227,380
Vince Dunn,L,D,1996-10-29,Mississauga,ON,CAN,CAN,72,203,2015,2,56,20172018,N,340,39,98,137
Travis Dermott,L,D,1996-12-22,Newmarket,ON,CAN,CAN,72,202,2015,2,34,20172018,N,268,13,41,54
Jordan Greenway,L,L,1997-02-16,Canton,NY,USA,USA,78,231,2015,2,50,20172018,N,272,36,76,112
Timo Meier,L,R,1996-10-08,Herisau,--,CHE,CHE,73,220,2015,1,9,20162017,N,394,123,141,264
Jakub Zboril,L,D,1997-02-21,Brno,--,CZE,CZE,73,191,2015,1,13,20182019,N,54,0,12,12
Erik Cernak,R,D,1997-05-28,Kosice,--,SVK,SVK,75,230,2015,2,43,20182019,N,226,16,43,59
Jakob Forsbacka Karlsson,R,C,1996-10-31,Stockholm,--,SWE,SWE,73,184,2015,2,45,20162017,N,29,3,6,9
Mikko Rantanen,L,R,1996-10-29,Nousiainen,--,FIN,FIN,76,215,2015,1,10,20152016,N,408,165,243,408
A.J. Greer,L,L,1996-12-14,Joliette,QC,CAN,CAN,75,210,2015,2,39,20162017,N,47,2,6,8
Jansen Harkins,L,C,1997-05-23,Cleveland,OH,USA,USA,73,182,2015,2,47,20192020,N,132,10,12,22
Brendan Guhle,L,D,1997-07-29,Edmonton,AB,CAN,CAN,74,197,2015,2,51,20162017,N,65,4,10,14
Sebastian Aho,L,C,1997-07-26,Rauma,--,FIN,FIN,72,176,2015,2,35,20162017,N,445,182,219,401
Oliver Kylington,L,D,1997-05-19,Stockholm,--,SWE,SWE,72,183,2015,2,60,20152016,N,168,14,33,47
Evgeny Svechnikov,L,L,1996-10-31,Yuzhno-Sakhalinsk,--,RUS,RUS,75,208,2015,1,19,20162017,N,113,12,19,31
Christian Fischer,R,R,1997-04-15,Chicago,IL,USA,USA,74,212,2015,2,32,20162017,N,318,43,41,84
Keegan Kolesar,R,R,1997-04-08,Brandon,MB,CAN,CAN,74,221,2015,3,69,20192020,N,122,10,27,37
Thomas Novak,L,C,1997-04-28,St. Paul,MN,USA,USA,73,179,2015,3,85,20212022,N,27,1,6,7
Travis Konecny,R,R,1997-03-11,London,ON,CAN,CAN,70,175,2015,1,24,20162017,N,428,110,161,271
Dylan Strome,L,C,1997-03-07,Mississauga,ON,CAN,CAN,75,200,2015,1,3,20162017,N,273,67,103,170
Brandon Carlo,R,D,1996-11-26,Colorado Springs,CO,USA,USA,78,220,2015,2,37,20162017,N,403,21,49,70
Brock Boeser,R,R,1997-02-25,Burnsville,MN,USA,USA,73,208,2015,1,23,20162017,N,324,121,135,256
Mathew Barzal,R,C,1997-05-26,Coquitlam,BC,CAN,CAN,73,187,2015,1,16,20162017,N,362,91,220,311
Nick Merkley,R,R,1997-05-23,Calgary,AB,CAN,CAN,70,195,2015,1,30,20172018,N,41,4,11,15
Roope Hintz,L,C,1996-11-17,Tampere,--,FIN,FIN,75,210,2015,2,49,20182019,N,239,80,90,170
Ethan Bear,R,D,1997-06-26,Regina,SK,CAN,CAN,71,197,2015,5,124,20172018,N,190,13,34,47
Caleb Jones,L,D,1997-06-06,Arlington,TX,USA,USA,73,194,2015,4,117,20182019,N,144,10,24,34
Noah Juulsen,R,D,1997-04-02,Surrey,BC,CAN,CAN,74,201,2015,1,26,20172018,N,56,2,8,10
Austin Wagner,L,L,1997-06-23,Calgary,AB,CAN,CAN,73,195,2015,4,99,20182019,N,171,22,18,40
Jack Roslovic,R,C,1997-01-29,Columbus,OH,USA,USA,73,193,2015,1,25,20162017,N,309,60,86,146
Zach Werenski,L,D,1997-07-19,Grosse Pointe,MI,USA,USA,74,213,2015,1,8,20162017,N,403,76,161,237
Nicolas Roy,R,C,1997-02-05,Amos,QC,CAN,CAN,76,205,2015,4,96,20172018,N,163,26,38,64
Anthony Beauvillier,L,L,1997-06-08,Sorel-Tracy,QC,CAN,CAN,71,180,2015,1,28,20162017,N,408,93,96,189
Daniel Sprong,R,R,1997-03-17,Amsterdam,--,NLD,NLD,72,193,2015,2,46,20152016,N,202,46,24,70
Nicolas Meloche,R,D,1997-07-18,LaSalle,QC,CAN,CAN,75,211,2015,2,40,20202021,N,57,2,6,8
Jeremy Lauzon,L,D,1997-04-28,Val-d'Or,QC,CAN,CAN,73,204,2015,2,52,20182019,N,142,5,13,18
Thomas Chabot,L,D,1997-01-30,Sainte-Marie,QC,CAN,CAN,74,196,2015,1,18,20162017,N,313,42,146,188
Mathieu Joseph,L,R,1997-02-09,Laval,QC,CAN,CAN,73,190,2015,4,120,20182019,N,232,41,41,82
Lawson Crouse,L,L,1997-06-23,Mt. Brydges,ON,CAN,CAN,76,215,2015,1,11,20162017,N,346,56,54,110
Kyle Capobianco,L,D,1997-08-13,Mississauga,ON,CAN,CAN,73,199,2015,3,63,20172018,N,59,3,7,10
Mitchell Stephens,R,C,1997-02-05,Peterborough,ON,CAN,CAN,71,190,2015,2,33,20192020,N,72,3,10,13
Mitchell Marner,R,R,1997-05-05,Markham,ON,CAN,CAN,72,172,2015,1,4,20162017,N,427,138,317,455
Filip Chlapik,L,C,1997-06-03,Prague,--,CZE,CZE,74,194,2015,2,48,20172018,N,57,5,6,11
Jacob Larsson,L,D,1997-04-29,Ljungby,--,SWE,SWE,74,190,2015,1,27,20162017,N,165,3,21,24
Joel Eriksson Ek,L,C,1997-01-29,Karlstad,--,SWE,SWE,75,207,2015,1,20,20162017,N,343,69,76,145
Denis Gurianov,L,R,1997-06-07,Togliatti,--,RUS,RUS,75,195,2015,1,12,20162017,N,214,44,50,94
Jake DeBrusk,L,L,1996-10-17,Edmonton,AB,CAN,CAN,72,200,2015,1,14,20172018,N,321,92,84,176
Ivan Provorov,L,D,1997-01-13,Yaroslavl,--,RUS,RUS,73,201,2015,1,7,20162017,N,450,59,131,190
Dennis Gilbert,L,D,1996-10-30,Buffalo,NY,USA,USA,74,216,2015,3,91,20182019,N,25,1,2,3
Gabriel Carlsson,L,D,1997-01-02,Orebro,--,SWE,SWE,77,195,2015,1,29,20162017,N,75,3,13,16
John Marino,R,D,1997-05-21,North Easton,MA,USA,USA,73,181,2015,6,154,20192020,N,189,10,54,64
Yakov Trenin,L,C,1997-01-13,Chelyabinsk,--,RUS,RUS,74,201,2015,2,55,20192020,N,146,24,17,41
Anthony Cirelli,L,C,1997-07-15,Etobicoke,ON,CAN,CAN,72,191,2015,3,72,20172018,N,294,66,93,159
Kevin Stenlund,R,C,1996-09-20,Stockholm,--,SWE,SWE,76,211,2015,2,58,20182019,N,71,11,9,20
J.C. Beaudin,R,C,1997-03-25,Longueuil,QC,CAN,CAN,73,196,2015,3,71,20192020,N,22,0,1,1
Will Borgen,R,D,1996-12-19,Moorhead,MN,USA,USA,75,205,2015,4,92,20182019,N,50,2,6,8
Colton White,L,D,1997-05-03,London,ON,CAN,CAN,73,187,2015,4,97,20182019,N,38,0,4,4
Denis Malgin,R,C,1997-01-18,Olten,--,CHE,CHE,69,177,2015,4,102,20162017,N,192,28,32,60
Mikhail Vorobyev,L,C,1997-01-05,Ufa,--,RUS,RUS,74,194,2015,4,104,20182019,N,35,2,3,5
Christian Wolanin,L,D,1995-03-17,Quebec City,QC,CAN,CAN,74,190,2015,4,107,20172018,N,70,6,14,20
Alexandre Carrier,R,D,1996-10-08,Quebec City,QC,CAN,CAN,71,174,2015,4,115,20162017,N,101,4,29,33
Conor Garland,R,R,1996-03-11,Scituate,MA,USA,USA,70,165,2015,5,123,20182019,N,241,66,82,148
Dmytro Timashov,L,L,1996-10-01,Kirovograd,--,UKR,UKR,70,192,2015,5,125,20192020,N,45,4,5,9
Niko Mikkola,L,D,1996-04-27,Kiiminki,--,FIN,FIN,76,209,2015,5,127,20192020,N,89,4,13,17
Kirill Kaprizov,L,L,1997-04-26,Novokuznetsk,--,RUS,RUS,70,202,2015,5,135,20202021,N,136,74,85,159
Dominik Simon,L,C,1994-08-08,Prague,--,CZE,CZE,71,190,2015,5,137,20152016,N,256,22,55,77
Christian Jaros,R,D,1996-04-02,Kosice,--,SVK,SVK,75,222,2015,5,139,20172018,N,94,1,13,14
Rudolfs Balcers,L,L,1997-04-08,Liepaja,--,LVA,LVA,71,182,2015,5,142,20182019,N,153,25,32,57
Troy Terry,R,R,1997-09-10,Denver,CO,USA,USA,72,185,2015,5,148,20172018,N,204,52,63,115
Adam Gaudette,R,C,1996-10-03,Braintree,MA,USA,USA,73,175,2015,5,149,20172018,N,218,27,43,70
Brett Seney,L,L,1996-02-28,London,ON,CAN,CAN,69,156,2015,6,157,20182019,N,55,5,8,13
Vladislav Gavrikov,L,D,1995-11-21,Yaroslavl,--,RUS,RUS,75,213,2015,6,159,20192020,N,204,12,51,63
Mason Appleton,R,C,1996-01-15,Green Bay,WI,USA,USA,74,193,2015,6,168,20182019,N,206,28,36,64
Steven Lorentz,L,C,1996-04-13,Kitchener,ON,CAN,CAN,76,206,2015,7,186,20202021,N,112,10,11,21
Markus Nutivaara,L,D,1994-06-06,Oulu,--,FIN,FIN,73,187,2015,7,189,20162017,N,275,17,54,71
Matt Roy,R,D,1995-03-01,Detroit,MI,USA,USA,73,205,2015,7,194,20182019,N,206,10,45,55
Sami Niku,L,D,1996-10-10,Haapavesi,--,FIN,FIN,73,176,2015,7,198,20172018,N,67,2,14,16
Adam Brooks,L,C,1996-05-06,Winnipeg,MB,CAN,CAN,72,179,2016,4,92,20192020,N,43,6,5,11
Matthew Tkachuk,L,L,1997-12-11,Scottsdale,AZ,USA,USA,74,201,2016,1,6,20162017,N,431,152,230,382
Joey Anderson,R,R,1998-06-19,Roseville,MN,USA,USA,72,207,2016,3,73,20182019,N,58,8,5,13
Luke Kunin,R,C,1997-12-04,Chesterfield,MO,USA,USA,72,197,2016,1,15,20172018,N,251,46,47,93
Auston Matthews,L,C,1997-09-17,San Ramon,CA,USA,USA,75,205,2016,1,1,20162017,N,407,259,198,457
Maxime Lajoie,L,D,1997-11-05,Quebec City,QC,CAN,CAN,73,196,2016,5,133,20182019,N,67,7,8,15
Adam Fox,R,D,1998-02-17,Jericho,NY,USA,USA,71,183,2016,3,66,20192020,N,203,24,139,163
Ryan Lindgren,L,D,1998-02-11,Burnsville,MN,USA,USA,73,191,2016,2,49,20182019,N,194,6,39,45
Charlie McAvoy,R,D,1997-12-21,Long Beach,NY,USA,USA,73,211,2016,1,14,20172018,N,313,34,144,178
Julien Gauthier,R,R,1997-10-15,Pointe-aux-Trembles,QC,CAN,CAN,76,227,2016,1,21,20192020,N,96,5,13,18
Libor Hajek,L,D,1998-02-04,Smrcek,--,CZE,CZE,75,206,2016,2,37,20182019,N,94,3,8,11
Rasmus Asplund,L,C,1997-12-03,Filipstad,--,SWE,SWE,71,189,2016,2,33,20192020,N,137,16,25,41
Carl Grundstrom,L,R,1997-12-01,Umea,--,SWE,SWE,72,195,2016,2,57,20182019,N,129,20,16,36
Alex DeBrincat,R,R,1997-12-18,Farmington Hills,MI,USA,USA,67,165,2016,2,39,20172018,N,368,160,147,307
Markus Niemelainen,L,D,1998-06-08,Kuopio,--,FIN,FIN,78,190,2016,3,63,20212022,N,20,0,1,1
Patrik Laine,R,L,1998-04-19,Tampere,--,FIN,FIN,77,216,2016,1,2,20162017,N,407,176,151,327
Cam Dineen,L,D,1998-06-19,Toms River,NJ,USA,USA,71,188,2016,3,68,20212022,N,34,0,7,7
Clayton Keller,L,R,1998-07-29,Chesterfield,MO,USA,USA,70,178,2016,1,7,20162017,N,360,96,160,256
Jesse Puljujarvi,R,R,1998-05-07,Alvkarleby,--,SWE,FIN,76,201,2016,1,4,20162017,N,259,46,52,98
Jakob Chychrun,L,D,1998-03-31,Boca Raton,FL,USA,USA,74,220,2016,1,16,20162017,N,337,53,89,142
Dillon Dube,L,C,1998-07-20,Golden,BC,CAN,CAN,71,187,2016,2,56,20182019,N,200,36,39,75
Tyler Benson,L,L,1998-03-15,Edmonton,AB,CAN,CAN,72,190,2016,2,32,20192020,N,36,1,2,3
Kale Clague,L,D,1998-06-05,Regina,SK,CAN,CAN,72,190,2016,2,51,20192020,N,58,2,14,16
Sam Steel,L,C,1998-02-03,Ardrossan,AB,CAN,CAN,71,184,2016,1,30,20182019,N,197,24,41,65
Brett Howden,L,C,1998-03-29,Calgary,AB,CAN,CAN,74,197,2016,1,27,20182019,N,225,25,44,69
Olli Juolevi,L,D,1998-05-05,Helsinki,--,FIN,FIN,74,182,2016,1,5,20202021,N,41,2,1,3
Kieffer Bellows,L,L,1998-06-10,Edina,MN,USA,USA,73,195,2016,1,19,20192020,N,67,11,14,25
Carsen Twarynski,L,L,1997-11-24,St. Albert,AB,CAN,CAN,74,198,2016,3,82,20192020,N,22,1,0,1
Trent Frederic,L,C,1998-02-11,St. Louis,MO,USA,USA,75,216,2016,1,29,20182019,N,119,12,11,23
Logan Brown,L,C,1998-03-05,Raleigh,NC,USA,USA,78,218,2016,1,11,20172018,N,69,5,15,20
Max Jones,L,L,1998-02-17,Rochester,MI,USA,USA,75,216,2016,1,24,20182019,N,137,17,11,28
Andrew Peeke,R,D,1998-03-17,Parkland,FL,USA,USA,75,196,2016,2,34,20192020,N,115,3,18,21
Tyson Jost,L,C,1998-03-14,St. Albert,AB,CAN,CAN,71,187,2016,1,10,20162017,N,342,47,62,109
Dante Fabbro,R,D,1998-06-20,Coquitlam,BC,CAN,CAN,72,189,2016,1,17,20182019,N,174,11,37,48
Josh Mahura,L,D,1998-05-05,St. Albert,AB,CAN,CAN,72,185,2016,3,85,20182019,N,79,6,14,20
Jonathan Dahlen,L,C,1997-12-20,Ostersund,--,SWE,SWE,71,180,2016,2,42,20212022,N,61,12,10,22
Victor Mete,L,D,1998-06-07,Woodbridge,ON,CAN,CAN,69,185,2016,4,100,20172018,N,236,5,38,43
Logan Stanley,L,D,1998-05-26,Waterloo,ON,CAN,CAN,79,228,2016,1,18,20202021,N,95,2,15,17
Givani Smith,L,R,1998-02-27,Toronto,ON,CAN,CAN,74,215,2016,2,46,20192020,N,83,7,7,14
Nick Caamano,L,R,1998-09-07,Ancaster,ON,CAN,CAN,75,205,2016,5,146,20192020,N,36,1,2,3
Connor Bunnaman,L,C,1998-04-16,Guelph,ON,CAN,CAN,73,207,2016,4,109,20192020,N,54,1,2,3
Boris Katchouk,L,L,1998-06-18,Vancouver,BC,CAN,CAN,74,206,2016,2,44,20212022,N,59,3,4,7
Jordan Kyrou,R,C,1998-05-05,Toronto,ON,CAN,CAN,73,196,2016,2,35,20182019,N,173,46,76,122
Riley Stillman,L,D,1998-03-09,Peterborough,ON,CAN,CAN,73,196,2016,4,114,20182019,N,108,3,15,18
Taylor Raddysh,R,R,1998-02-18,Caledon,ON,CAN,CAN,75,198,2016,2,58,20212022,N,74,11,11,22
Noah Gregor,L,C,1998-07-28,Beaumont,AB,CAN,CAN,72,190,2016,4,111,20192020,N,121,16,18,34
Dennis Cholowski,L,D,1998-02-15,Langley,BC,CAN,CAN,74,197,2016,1,20,20182019,N,115,10,20,30
Samuel Girard,L,D,1998-05-12,Roberval,QC,CAN,CAN,70,170,2016,2,47,20172018,N,340,22,122,144
Pierre-Luc Dubois,L,L,1998-06-24,Ste-Agathe-des-Monts,QC,CAN,CAN,74,205,2016,1,3,20172018,N,361,102,137,239
Jake Bean,L,D,1998-06-09,Calgary,AB,CAN,CAN,73,176,2016,1,13,20182019,N,111,8,29,37
Henrik Borgstrom,L,C,1997-08-06,Helsinki,--,FIN,FIN,75,199,2016,1,23,20172018,N,110,13,13,26
Jesper Bratt,L,L,1998-07-30,Stockholm,--,SWE,SWE,70,175,2016,6,162,20172018,N,307,70,133,203
Mikhail Sergachev,L,D,1998-06-25,Nizhnekamsk,--,RUS,RUS,75,216,2016,1,9,20162017,N,362,36,138,174
Nathan Bastian,R,R,1997-12-06,Kitchener,ON,CAN,CAN,76,205,2016,2,41,20182019,N,120,18,13,31
Michael McLeod,R,C,1998-02-03,Mississauga,ON,CAN,CAN,74,190,2016,1,12,20182019,N,162,15,25,40
Brett Murray,L,L,1998-07-20,Bolton,ON,CAN,CAN,77,228,2016,4,99,20202021,N,21,2,4,6
Tage Thompson,R,R,1997-10-30,Phoenix,AZ,USA,USA,79,218,2016,1,26,20172018,N,223,56,47,103
Alex Nylander,R,L,1998-03-02,Calgary,AB,CAN,CAN,73,192,2016,1,8,20162017,N,84,13,19,32
Filip Hronek,R,D,1997-11-02,Hradec Králové,--,CZE,CZE,72,188,2016,2,53,20182019,N,245,21,97,118
Janne Kuokkanen,L,C,1998-05-25,Oulunsalo,--,FIN,FIN,73,193,2016,2,43,20172018,N,119,14,28,42
Rem Pitlick,L,C,1997-04-02,Ottawa,ON,CAN,CAN,71,196,2016,3,76,20182019,N,77,15,24,39
Brandon Duhaime,L,R,1997-05-22,Coral Springs,FL,USA,USA,74,200,2016,4,106,20212022,N,80,6,11,17
Lucas Carlsson,L,D,1997-07-05,Gävle,--,SWE,SWE,72,189,2016,4,110,20192020,N,58,3,8,11
Ross Colton,L,C,1996-09-11,Robbinsville,NJ,USA,USA,72,191,2016,4,118,20202021,N,109,31,20,51
Otto Koivula,L,L,1998-09-01,Nokia,--,FIN,FIN,77,225,2016,4,120,20192020,N,20,0,2,2
Axel Jonsson-Fjallby,L,L,1998-02-10,Stockholm,--,SWE,SWE,73,189,2016,5,147,20212022,N,23,2,2,4
Brandon Hagel,L,L,1998-08-27,Saskatoon,SK,CAN,CAN,71,174,2016,6,159,20192020,N,130,34,34,68
Michael Pezzetta,L,L,1998-03-13,Toronto,ON,CAN,CAN,73,216,2016,6,160,20212022,N,51,5,6,11
Oskar Steen,R,C,1998-03-09,Karlstad,--,SWE,SWE,69,199,2016,6,165,20202021,N,23,2,4,6
Maxim Mamin,L,C,1995-01-13,Moscow,--,RUS,RUS,74,206,2016,6,175,20172018,N,73,10,8,18
Mikhail Maltsev,L,L,1998-03-12,St. Petersburg,--,RUS,RUS,75,198,2016,4,102,20202021,N,51,6,3,9
Casey Fitzgerald,R,D,1997-02-25,North Reading,MA,USA,USA,71,188,2016,3,86,20212022,N,36,0,6,6
Dylan Gambrell,R,C,1996-08-26,Bonney Lake,WA,USA,USA,72,185,2016,2,60,20172018,N,173,13,17,30
Rhett Gardner,L,C,1996-02-28,Moose Jaw,SK,CAN,CAN,75,210,2016,4,116,20192020,N,40,1,1,2
Jeremy Davies,L,D,1996-12-04,Sainte-Anne-de-Bellevue,QC,CAN,CAN,71,180,2016,7,192,20202021,N,22,0,3,3
Nolan Patrick,R,C,1998-09-19,Winnipeg,MB,CAN,CAN,74,201,2017,1,2,20172018,N,222,32,45,77
Juuso Valimaki,L,D,1998-10-06,Tampere,--,FIN,FIN,74,212,2017,1,16,20182019,N,82,3,13,16
Kailer Yamamoto,R,R,1998-09-29,Spokane,WA,USA,USA,68,153,2017,1,22,20172018,N,186,40,53,93
Nicolas Hague,L,D,1998-12-05,Kitchener,ON,CAN,CAN,78,230,2017,2,34,20192020,N,142,10,32,42
Jonah Gadjovich,L,L,1998-10-12,Whitby,ON,CAN,CAN,74,209,2017,2,55,20202021,N,44,1,2,3
Conor Timmins,R,D,1998-09-18,St. Catharines,ON,CAN,CAN,74,202,2017,2,32,20192020,N,39,0,7,7
Mario Ferraro,L,D,1998-09-17,Toronto,ON,CAN,CAN,72,209,2017,2,49,20192020,N,180,5,37,42
Cal Foote,R,D,1998-12-13,Denver,CO,USA,USA,76,227,2017,1,14,20202021,N,91,3,9,12
Cale Fleury,R,D,1998-11-19,Carlyle,SK,CAN,CAN,73,213,2017,3,87,20192020,N,50,1,0,1
Kole Lind,R,R,1998-10-16,Swift Current,SK,CAN,CAN,73,178,2017,2,33,20202021,N,30,2,6,8
Morgan Geekie,R,C,1998-07-20,Strathclair,MB,CAN,CAN,75,192,2017,3,67,20192020,N,111,13,22,35
Jake Leschyshyn,L,C,1999-03-10,Raleigh,NC,USA,USA,71,192,2017,2,62,20212022,N,41,2,4,6
Michael Rasmussen,L,C,1999-04-17,Surrey,BC,CAN,CAN,78,210,2017,1,9,20182019,N,182,26,31,57
Jaret Anderson-Dolan,L,C,1999-09-12,Calgary,AB,CAN,CAN,71,200,2017,2,41,20182019,N,50,7,5,12
Cody Glass,R,C,1999-04-01,Winnipeg,MB,CAN,CAN,75,206,2017,1,6,20192020,N,74,9,14,23
Mikey Anderson,L,D,1999-05-25,Roseville,MN,USA,USA,72,195,2017,4,103,20192020,N,117,4,16,20
Casey Mittelstadt,L,C,1998-11-22,Eden Prairie,MN,USA,USA,73,195,2017,1,8,20172018,N,195,33,47,80
Urho Vaakanainen,L,D,1999-01-01,Joensuu,--,FIN,FIN,74,200,2017,1,18,20182019,N,45,0,8,8
Nico Hischier,L,C,1999-01-04,Brig,--,CHE,CHE,73,175,2017,1,1,20172018,N,300,78,128,206
Jesper Boqvist,L,C,1998-10-30,Falun,--,SWE,SWE,72,180,2017,2,36,20192020,N,119,18,16,34
Kristian Vesalainen,L,L,1999-06-01,Helsinki,--,FIN,FIN,75,207,2017,1,24,20182019,N,70,2,3,5
Jonas Rondbjerg,L,R,1999-03-31,Horsholm,--,DNK,DNK,74,197,2017,3,65,20212022,N,30,2,4,6
Adam Ruzicka,L,C,1999-05-11,Bratislava,--,SVK,SVK,76,220,2017,4,109,20202021,N,31,5,6,11
Eeli Tolvanen,L,R,1999-04-22,Vihti,--,FIN,FIN,70,191,2017,1,30,20172018,N,122,23,24,47
Klim Kostin,L,C,1999-05-05,Penza,--,RUS,RUS,75,215,2017,1,31,20192020,N,46,5,6,11
Elias Pettersson,L,C,1998-11-12,Sundsvall,--,SWE,SWE,74,176,2017,1,5,20182019,N,245,97,124,221
Gabriel Vilardi,R,C,1999-08-16,Kingston,ON,CAN,CAN,75,215,2017,1,11,20192020,N,89,18,19,37
Owen Tippett,R,R,1999-02-16,Peterborough,ON,CAN,CAN,73,207,2017,1,10,20172018,N,115,18,22,40
Nick Suzuki,R,C,1999-08-10,London,ON,CAN,CAN,71,205,2017,1,13,20192020,N,209,49,94,143
Jack Studnicka,R,C,1999-02-18,Windsor,ON,CAN,CAN,74,186,2017,2,53,20192020,N,37,1,6,7
Robert Thomas,R,C,1999-07-02,Aurora,ON,CAN,CAN,72,218,2017,1,20,20182019,N,241,42,122,164
MacKenzie Entwistle,R,R,1999-07-14,Georgetown,ON,CAN,CAN,75,184,2017,3,69,20202021,N,60,6,8,14
Jason Robertson,L,L,1999-07-22,Arcadia,CA,USA,USA,75,200,2017,2,39,20192020,N,128,58,67,125
Morgan Frost,L,C,1999-05-14,Aurora,ON,CAN,CAN,71,170,2017,1,27,20192020,N,77,7,16,23
Alex Formenton,L,L,1999-09-13,Barrie,ON,CAN,CAN,75,195,2017,2,47,20172018,N,109,23,16,39
Max Comtois,L,L,1999-01-08,Longueuil,QC,CAN,CAN,74,210,2017,2,50,20182019,N,146,29,38,67
Henri Jokiharju,R,D,1999-06-17,Oulu,--,FIN,FIN,72,200,2017,1,29,20182019,N,213,10,44,54
Miro Heiskanen,L,D,1999-07-18,Espoo,--,FIN,FIN,73,190,2017,1,3,20182019,N,275,33,98,131
Martin Necas,R,C,1999-01-15,Nove Mesto na Morave,--,CZE,CZE,74,189,2017,1,12,20172018,N,203,45,74,119
Timothy Liljegren,R,D,1999-04-30,Kristianstad,--,SWE,SWE,73,192,2017,1,17,20192020,N,74,5,19,24
Sasha Chmelevski,R,C,1999-06-09,Huntington Beach,CA,USA,USA,72,188,2017,6,185,20202021,N,24,0,10,10
Pierre-Olivier Joseph,L,D,1999-07-01,Laval,QC,CAN,CAN,74,185,2017,1,23,20202021,N,20,1,4,5
Scott Reedy,R,C,1999-04-04,Prior Lake,MN,USA,USA,74,205,2017,4,102,20212022,N,35,7,2,9
Josh Norris,L,C,1999-05-05,Oxford,MI,USA,USA,73,199,2017,1,19,20192020,N,125,52,38,90
Ryan Poehling,L,C,1999-01-03,Lakeville,MN,USA,USA,74,196,2017,1,25,20182019,N,85,13,9,22
Cale Makar,R,D,1998-10-30,Calgary,AB,CAN,CAN,71,187,2017,1,4,20192020,N,178,48,132,180
Ian Mitchell,R,D,1999-01-18,St. Albert,AB,CAN,CAN,71,173,2017,2,57,20202021,N,47,3,5,8
Robin Salo,L,D,1998-10-13,Espoo,--,FIN,FIN,74,192,2017,2,46,20212022,N,21,1,4,5
Lias Andersson,L,C,1998-10-13,Smogen,--,SWE,SWE,73,185,2017,1,7,20172018,N,109,7,10,17
Erik Brannstrom,L,D,1999-09-02,Eksjo,--,SWE,SWE,70,185,2017,1,15,20182019,N,116,2,29,31
Alexandre Texier,L,C,1999-09-13,Saint-Martin-d'Hères,--,FRA,FRA,73,186,2017,2,45,20182019,N,123,22,27,49
Filip Chytil,L,C,1999-09-05,Kromeriz,--,CZE,CZE,75,210,2017,1,21,20172018,N,253,42,51,93
Gustav Lindstrom,R,D,1998-10-20,Ostervala,--,SWE,SWE,74,183,2017,2,38,20192020,N,92,1,16,17
Eetu Luostarinen,L,C,1998-09-02,Siilinjarvi,--,FIN,FIN,75,190,2017,2,42,20192020,N,130,12,23,35
Alexander Volkov,L,R,1997-08-02,Moscow,--,RUS,RUS,73,195,2017,2,48,20192020,N,46,7,7,14
Jacob Bryson,L,D,1997-11-18,London,ON,CAN,CAN,69,175,2017,4,99,20202021,N,111,2,17,19
Emil Bemstrom,R,C,1999-06-01,Nykoping,--,SWE,SWE,72,193,2017,4,117,20192020,N,117,19,17,36
Drake Batherson,R,R,1998-04-27,Fort Wayne,IN,USA,USA,75,204,2017,4,121,20182019,N,145,40,57,97
Jacob Peterson,L,C,1999-07-19,Lidkoping,--,SWE,SWE,73,180,2017,5,132,20212022,N,65,12,5,17
Sebastian Aho,L,D,1996-02-17,Umea,--,SWE,SWE,71,184,2017,5,139,20172018,N,61,4,14,18
Marian Studenic,L,L,1998-10-28,Skalica,--,SVK,SVK,73,181,2017,5,143,20202021,N,41,3,3,6
Alexey Toropchenko,L,R,1999-06-25,Moscow,--,RUS,RUS,78,222,2017,4,113,20212022,N,28,2,0,2
Morgan Barron,L,C,1998-12-02,Halifax,NS,CAN,CAN,76,220,2017,6,174,20202021,N,32,3,3,6
Wyatt Kalynuk,L,D,1997-04-14,Brandon,MB,CAN,CAN,73,180,2017,7,196,20202021,N,26,4,5,9
Sean Durzi,R,D,1998-10-21,Mississauga,ON,CAN,CAN,72,195,2018,2,52,20212022,N,64,3,24,27
Oliver Wahlstrom,R,R,2000-06-13,Portland,ME,USA,USA,74,205,2018,1,11,20192020,N,126,25,20,45
Martin Fehervary,L,D,1999-10-06,Bratislava,--,SVK,SVK,74,199,2018,2,46,20192020,N,85,8,10,18
Joel Farabee,L,L,2000-02-25,Syracuse,NY,USA,USA,72,183,2018,1,14,20192020,N,170,45,48,93
Philipp Kurashev,L,C,1999-10-12,Munsingen,--,CHE,CHE,72,190,2018,4,120,20202021,N,121,14,23,37
Quinn Hughes,L,D,1999-10-14,Orlando,FL,USA,USA,70,180,2018,1,7,20182019,N,205,19,146,165
Brady Tkachuk,L,L,1999-09-16,Scottsdale,AZ,USA,USA,76,211,2018,1,4,20182019,N,277,90,102,192
Ryan McLeod,L,C,1999-09-21,Mississauga,ON,CAN,CAN,74,207,2018,2,40,20202021,N,81,9,13,22
Evan Bouchard,R,D,1999-10-20,Oakville,ON,CAN,CAN,75,194,2018,1,10,20182019,N,102,15,34,49
Isac Lundestrom,L,C,1999-11-06,Gallivare,--,SWE,SWE,72,193,2018,1,23,20182019,N,151,22,22,44
Mattias Samuelsson,L,D,2000-03-14,Philadelphia,PA,USA,USA,76,227,2018,2,32,20202021,N,54,0,12,12
Joe Veleno,L,C,2000-01-13,Montréal,QC,CAN,CAN,73,206,2018,1,30,20202021,N,71,9,7,16
Nicolas Beaudin,L,D,1999-10-07,Chateauguay,QC,CAN,CAN,71,168,2018,1,27,20192020,N,22,2,4,6
K'Andre Miller,L,D,2000-01-21,St. Paul,MN,USA,USA,76,216,2018,1,22,20202021,N,135,12,20,32
Filip Zadina,L,R,1999-11-27,Pardubice,--,CZE,CZE,72,197,2018,1,6,20182019,N,160,25,36,61
Martin Kaut,R,R,1999-10-02,Brno,--,CZE,CZE,74,190,2018,1,16,20192020,N,20,2,1,3
Jesperi Kotkaniemi,L,C,2000-07-06,Pori,--,FIN,FIN,74,201,2018,1,3,20182019,N,237,34,57,91
Andrei Svechnikov,L,R,2000-03-26,Barnaul,--,RUS,RUS,74,195,2018,1,2,20182019,N,283,89,120,209
Vitali Kravtsov,L,R,1999-12-23,Vladivostok,--,RUS,RUS,75,193,2018,1,9,20202021,N,20,2,2,4
Rasmus Dahlin,L,D,2000-04-13,Lidkoping,--,SWE,SWE,75,207,2018,1,1,20182019,N,277,31,129,160
Rasmus Kupari,R,C,2000-03-15,Kotka,--,FIN,FIN,74,200,2018,1,20,20202021,N,64,6,8,14
Ryan Merkley,R,D,2000-08-14,Oakville,ON,CAN,CAN,72,186,2018,1,21,20212022,N,39,1,5,6
Ty Dellandrea,R,C,2000-07-21,Toronto,ON,CAN,CAN,72,195,2018,1,13,20202021,N,27,3,2,5
Barrett Hayton,L,C,2000-06-09,Peterborough,ON,CAN,CAN,73,207,2018,1,5,20192020,N,94,13,18,31
Liam Foudy,L,C,2000-02-04,Scarborough,ON,CAN,CAN,74,187,2018,1,18,20192020,N,27,0,5,5
Kevin Bahl,L,D,2000-06-27,New Westminster,BC,CAN,CAN,78,230,2018,2,55,20202021,N,24,1,5,6
Noah Dobson,R,D,2000-01-07,Summerside,PE,CAN,CAN,76,195,2018,1,12,20192020,N,160,17,55,72
Adam Boqvist,R,D,2000-08-15,Falun,--,SWE,SWE,72,189,2018,1,8,20192020,N,128,17,34,51
Rasmus Sandin,L,D,2000-03-07,Uppsala,--,SWE,SWE,71,178,2018,1,29,20192020,N,88,6,22,28
Nils Lundkvist,R,D,2000-07-27,Pitea,--,SWE,SWE,71,187,2018,1,28,20212022,N,25,1,3,4
Ty Smith,L,D,2000-03-24,Lloydminster,AB,CAN,CAN,71,180,2018,1,17,20202021,N,114,7,36,43
Connor Dewar,L,C,1999-06-26,The Pas,MB,CAN,CAN,70,183,2018,3,92,20212022,N,35,2,4,6
Alexander Romanov,L,D,2000-01-06,Moscow,--,RUS,RUS,73,209,2018,2,38,20202021,N,133,4,15,19
David Gustafsson,L,C,2000-04-11,Tingsryd,--,SWE,SWE,74,196,2018,2,60,20192020,N,28,1,0,1
Jasper Weatherby,L,C,1998-01-22,Portland,OR,USA,USA,76,222,2018,4,102,20212022,N,50,5,6,11
Yegor Sharangovich,L,C,1998-06-06,Minsk,--,BLR,BLR,74,196,2018,5,141,20202021,N,130,40,36,76
John Leonard,L,L,1998-08-07,Westwood,NJ,USA,USA,71,196,2018,6,182,20202021,N,58,4,11,15
Brett Leason,R,R,1999-04-30,Calgary,AB,CAN,CAN,77,218,2019,2,56,20212022,N,36,3,3,6
Peyton Krebs,L,C,2001-01-26,Calgary,AB,CAN,CAN,72,185,2019,1,17,20202021,N,61,7,16,23
Kirby Dach,R,C,2001-01-21,Fort Saskatchewan,AB,CAN,CAN,76,197,2019,1,3,20192020,N,152,19,40,59
Bowen Byram,L,D,2001-06-13,Cranbrook,BC,CAN,CAN,73,190,2019,1,4,20202021,N,49,5,14,19
Dylan Cozens,R,C,2001-02-09,Whitehorse,YT,CAN,CAN,75,189,2019,1,7,20202021,N,120,17,34,51
Trevor Zegras,L,C,2001-03-20,Bedford,NY,USA,USA,72,185,2019,1,9,20202021,N,99,26,48,74
Nils Hoglander,L,L,2000-12-20,BOCKTRäSK,--,SWE,SWE,69,185,2019,2,40,20202021,N,116,23,22,45
Cole Caufield,R,R,2001-01-02,Mosinee,WI,USA,USA,67,166,2019,1,15,20202021,N,77,27,21,48
Moritz Seider,R,D,2001-04-06,Zell,--,DEU,DEU,76,197,2019,1,6,20212022,N,82,7,43,50
Cam York,L,D,2001-01-05,Anaheim,CA,USA,USA,71,175,2019,1,14,20202021,N,33,3,7,10
Kaapo Kakko,L,R,2001-02-13,Turku,--,FIN,FIN,75,205,2019,1,2,20192020,N,157,26,32,58
Matt Boldy,L,L,2001-04-05,Milford,MA,USA,USA,74,201,2019,1,12,20212022,N,47,15,24,39
Jack Hughes,L,C,2001-05-14,Orlando,FL,USA,USA,71,175,2019,1,1,20192020,N,166,44,64,108
Arthur Kaliyev,L,R,2001-06-26,Tashkent,--,UZB,USA,74,210,2019,2,33,20202021,N,81,15,13,28
Ville Heinola,L,D,2001-03-02,Honkajoki,--,FIN,FIN,71,178,2019,1,20,20192020,N,25,1,9,10
Philip Tomasino,R,C,2001-07-28,Mississauga,ON,CAN,CAN,72,179,2019,1,24,20212022,N,76,11,21,32
Connor McMichael,L,C,2001-01-15,Ajax,ON,CAN,CAN,72,180,2019,1,25,20202021,N,69,9,9,18
Thomas Harley,L,D,2001-08-19,Syracuse,NY,USA,USA,75,205,2019,1,18,20212022,N,34,1,3,4
Philip Broberg,L,D,2001-06-25,Orebro,--,SWE,SWE,75,199,2019,1,8,20212022,N,23,1,2,3
Victor Soderstrom,R,D,2001-02-26,Gavle,--,SWE,SWE,71,184,2019,1,11,20202021,N,20,1,1,2
Tobias Bjornfot,L,D,2001-04-06,Upplands Vasby,--,SWE,SWE,72,200,2019,1,22,20192020,N,106,1,13,14
Jordan Spence,R,D,2001-02-24,Manly,--,AUS,CAN,70,180,2019,4,95,20212022,N,24,2,6,8
Vladislav Kolyachonok,L,D,2001-05-26,Minsk,--,BLR,BLR,73,193,2019,2,52,20212022,N,32,1,2,3
Vasily Podkolzin,L,R,2001-06-24,Moscow,--,RUS,RUS,73,190,2019,1,10,20212022,N,79,14,12,26
Alex Newhook,L,C,2001-01-28,St. John's,NL,CAN,CAN,70,190,2019,1,16,20202021,N,77,13,23,36
Aliaksei Protas,L,C,2001-01-06,Vitebsk,--,BLR,BLR,78,225,2019,3,91,20212022,N,33,3,6,9
Zac Jones,L,D,2000-10-18,Richmond,VA,USA,USA,70,175,2019,3,68,20202021,N,22,0,6,6
Matias Maccelli,L,L,2000-10-14,Turku,--,FIN,FIN,71,176,2019,4,98,20212022,N,23,1,5,6
Braden Schneider,R,D,2001-09-20,Prince Albert,SK,CAN,CAN,74,202,2020,1,19,20212022,N,43,2,9,11
Lucas Raymond,R,L,2002-03-28,Gothenburg,--,SWE,SWE,71,182,2020,1,4,20212022,N,82,23,34,57
Seth Jarvis,R,C,2002-02-01,Winnipeg,MB,CAN,CAN,70,175,2020,1,13,20212022,N,68,17,23,40
Alexis Lafrenière,L,L,2001-10-11,St-Eustache,QC,CAN,CAN,74,196,2020,1,1,20202021,N,135,31,21,52
Dawson Mercer,R,C,2001-10-27,Carbonear,NL,CAN,CAN,72,180,2020,1,18,20212022,N,82,17,25,42
Anton Lundell,L,C,2001-10-03,Espoo,--,FIN,FIN,73,185,2020,1,12,20212022,N,65,18,26,44
Tim Stützle,L,L,2002-01-15,Viersen,--,DEU,DEU,72,190,2020,1,3,20202021,N,132,34,53,87
Quinton Byfield,L,C,2002-08-19,Newmarket,ON,CAN,CAN,77,220,2020,1,2,20202021,N,46,5,6,11
Jamie Drysdale,R,D,2002-04-08,Toronto,ON,CAN,CAN,71,183,2020,1,6,20202021,N,105,7,33,40
Yegor Chinakhov,L,R,2001-02-01,Omsk,--,RUS,RUS,73,189,2020,1,21,20212022,N,62,7,7,14
J.J. Moser,L,D,2000-06-06,Biel,--,CHE,CHE,73,173,2021,2,60,20212022,N,43,4,11,15
Cole Sillinger,L,C,2003-05-16,Columbus,OH,USA,USA,74,203,2021,1,12,20212022,N,79,16,15,31
